{
   "namespace": "Nova_Client_play",
   "quick_play@Nova_Client_button.ore_ui_button": {
      "$pressed_button_name": "button.menu_quick_play",
      "$button_text": "menu.quickplay",
      "focus_identifier": "Nova_Client_quick_play_button"
   },
   "base_screen": {
      "type": "panel",
      "size": [
         "100%",
         "100%"
      ],
      "controls": [
         {
            "black": {
               "type": "image",
               "texture": "textures/ui/Black",
               "alpha": 0.5,
               "layer": 0,
               "size": [
                  "100%",
                  "100%"
               ]
            }
         },
         {
            "sidebar": {
               "type": "image",
               "texture": ".NC/textures/background/simple_bg",
               "size": [
                  150,
                  "100%"
               ],
               "anchor_from": "top_left",
               "anchor_to": "top_left",
               "bindings": [
                  {
                     "ignored": "(not $is_featured_server)",
                     "binding_name": "#is_server_info_available_collection",
                     "binding_type": "collection",
                     "binding_collection_name": "$collection_name"
                  },
                  {
                     "binding_name": "$server_name_binding",
                     "binding_type": "collection",
                     "binding_collection_name": "$collection_name"
                  },
                  {
                     "ignored": "(not $is_featured_server)",
                     "binding_type": "view",
                     "source_property_name": "(#is_server_info_available_collection and ($server_name_binding = $quick_join_server_name))",
                     "target_property_name": "#visible"
                  },
                  {
                     "ignored": "$is_featured_server",
                     "binding_type": "view",
                     "source_property_name": "($server_name_binding = $quick_join_server_name)",
                     "target_property_name": "#visible"
                  }
               ],
               "controls": [
                  {
                     "worlds_tab@Nova_client_gray_toggles.tab_toggles": {
                        "size": [
                           110,
                           20
                        ],
                        "offset": [
                           0,
                           -100
                        ],
                        "$toggle_view_binding_name": "Nova_Client_worlds",
                        "$radio_toggle_group": true,
                        "$toggle_group_forced_index": 0,
                        "$button_text": "playscreen.worlds"
                     }
                  },
                  {
                     "friends_tab@Nova_client_gray_toggles.tab_toggles": {
                        "size": [
                           110,
                           20
                        ],
                        "offset": [
                           0,
                           -75
                        ],
                        "$toggle_view_binding_name": "Nova_Client_friends",
                        "$radio_toggle_group": true,
                        "$toggle_group_forced_index": 1,
                        "$button_text": "selectWorld.tab.friends"
                     }
                  },
                  {
                     "server_tab@Nova_client_gray_toggles.tab_toggles": {
                        "$is_invite_button": true,
                        "size": [
                           110,
                           20
                        ],
                        "offset": [
                           0,
                           -50
                        ],
                        "$toggle_view_binding_name": "Nova_Client_featured",
                        "$radio_toggle_group": true,
                        "$toggle_group_forced_index": 2,
                        "$button_text": "menu.serverGenericName"
                     }
                  },
                  {
                     "exit@Nova_client_button.red_button": {
                        "size": [
                           110,
                           20
                        ],
                        "offset": [
                           0,
                           -25
                        ],
                        "$pressed_button_name": "button.menu_exit",
                        "$button_text": "gui.exit"
                     }
                  },
                  {
                     "divider_line": {
                        "type": "image",
                        "texture": "textures/ui/White",
                        "size": [
                           "100%",
                           1
                        ],
                        "offset": [
                           0,
                           0
                        ]
                     }
                  },
                  {
                     "worlds_buttons": {
                        "type": "panel",
                        "bindings": [
                           {
                              "binding_type": "view",
                              "source_control_name": "Nova_Client_worlds",
                              "source_property_name": "#toggle_state",
                              "target_property_name": "#visible"
                           }
                        ],
                        "controls": [
                           {
                              "quick_play@Nova_client_button.ore_ui_button": {
                                 "$pressed_button_name": "button.menu_quick_play",
                                 "$button_text": "menu.quickplay",
                                 "size": [
                                    110,
                                    20
                                 ],
                                 "offset": [
                                    0,
                                    25
                                 ]
                              }
                           },
                           {
                              "quick_connect@Nova_Client_quick_connect.quick_connect_panel": {
                                 "offset": [
                                    0,
                                    50
                                 ]
                              }
                           }
                        ]
                     }
                  }
               ]
            }
         },
         {
            "worlds_tab@Nova_Client_play.common_tab_content_panel": {
               "anchor_from": "right_middle",
               "anchor_to": "right_middle",
               "$visible_bind_toggle_source_control": "world_navigation_tab_toggle",
               "$scroll_tab_content": "play.worlds_scroll_content",
               "size": [
                  "100% - 150px",
                  "100%"
               ],
               "$always_handle_scrolling": true,
               "bindings": [
                  {
                     "binding_type": "view",
                     "source_control_name": "Nova_Client_worlds",
                     "source_property_name": "#toggle_state",
                     "target_property_name": "#visible"
                  }
               ]
            }
         },
         {
            "friends_tab@Nova_Client_play.common_tab_content_panel": {
               "$visible_bind_toggle_source_control": "friends_navigation_tab_toggle",
               "$scroll_tab_content": "play.friends_scroll_content",
               "anchor_from": "right_middle",
               "anchor_to": "right_middle",
               "$always_handle_scrolling": true,
               "size": [
                  "100% - 150px",
                  "100%"
               ],
               "bindings": [
                  {
                     "binding_type": "view",
                     "source_control_name": "Nova_Client_friends",
                     "source_property_name": "#toggle_state",
                     "target_property_name": "#visible"
                  }
               ]
            }
         },
         {
            "featured_tab@Nova_Client_play.common_tab_content_panel": {
               "$visible_bind_toggle_source_control": "server_navigation_tab_toggle",
               "$scroll_tab_content": "play.server_scroll_content",
               "anchor_from": "right_middle",
               "anchor_to": "right_middle",
               "$always_handle_scrolling": true,
               "size": [
                  "100% - 150px",
                  "100%"
               ],
               "bindings": [
                  {
                     "binding_type": "view",
                     "source_control_name": "Nova_Client_featured",
                     "source_property_name": "#toggle_state",
                     "target_property_name": "#visible"
                  }
               ]
            }
         }
      ]
   },
   "common_tab_content_panel": {
      "type": "panel",
      "controls": [
         {
            "content@$scroll_tab_content": {
               "anchor_from": "top_middle",
               "anchor_to": "top_middle",
               "size": [
                  "100%",
                  "90%"
               ],
               "offset": [
                  0,
                  10
               ],
               "ttsSectionContainer": true
            }
         }
      ],
      "bindings": [
         {
            "binding_type": "view",
            "source_control_name": "$visible_bind_toggle_source_control",
            "source_property_name": "#toggle_state",
            "target_property_name": "#visible"
         }
      ]
   },
   "content": {
      "type": "panel",
      "controls": [
         {
            "screen@Nova_Client_play.base_screen": {}
         }
      ]
   }
}