{
    "namespace": "Nova_Client_quick_connect",
    "quick_connect_panel": {
        "ignored": "$is_editor_mode_enabled",
        "type": "stack_panel",
        "orientation": "vertical",
        "size": [
           110,
           20
        ],
        "collection_name": "$collection_name",
        "$item_template|default": "Nova_Client_quick_connect.quick_connect_details",
        "$use_tooltip_mode|default": false,
        "$quick_connect_type|default": 0,
        "$collection_name|default": "third_party_server_network_worlds",
        "$server_name_binding|default": "#third_party_server_name",
        "$visible_panel_binding|default": "#featured_servers_visible",
        "$is_featured_server|default": true,
        "$quick_connect_server_name|default": "CubeCraft",
        "variables": [
           {
              "requires": "(not (($quick_connect_type = 0) or ($quick_connect_type = 1)))",
              "$quick_connect_type": 0
           },
           {
              "requires": "($quick_connect_type = 1)",
              "$collection_name": "servers_network_worlds",
              "$server_name_binding": "#network_world_header",
              "$visible_panel_binding": "#servers_grid_visible",
              "$is_featured_server": false
           }
        ],
        "bindings": [
           {
              "binding_name": "$visible_panel_binding",
              "binding_name_override": "#visible"
           }
        ],
        "controls": [
           {
              "00@$item_template": {
                 "collection_index": 0
              }
           },
           {
              "01@$item_template": {
                 "collection_index": 1
              }
           },
           {
              "02@$item_template": {
                 "collection_index": 2
              }
           },
           {
              "03@$item_template": {
                 "collection_index": 3
              }
           },
           {
              "04@$item_template": {
                 "collection_index": 4
              }
           },
           {
              "05@$item_template": {
                 "collection_index": 5
              }
           },
           {
              "06@$item_template": {
                 "collection_index": 6
              }
           },
           {
              "07@$item_template": {
                 "collection_index": 7
              }
           },
           {
              "08@$item_template": {
                 "collection_index": 8
              }
           },
           {
              "09@$item_template": {
                 "collection_index": 9
              }
           },
           {
              "10@$item_template": {
                 "collection_index": 10
              }
           },
           {
              "11@$item_template": {
                 "collection_index": 11
              }
           },
           {
              "12@$item_template": {
                 "collection_index": 12
              }
           },
           {
              "13@$item_template": {
                 "collection_index": 13
              }
           },
           {
              "14@$item_template": {
                 "collection_index": 14
              }
           },
           {
              "15@$item_template": {
                 "collection_index": 15
              }
           }
        ]
     },
     "quick_connect_details": {
        "type": "panel",
        "size": [
           "100%",
           "100%"
        ],
        "visible": false,
        "bindings": [
           {
              "ignored": "(not $is_featured_server)",
              "binding_name": "#is_server_info_available_collection",
              "binding_type": "collection",
              "binding_collection_name": "$collection_name"
           },
           {
              "binding_name": "$server_name_binding",
              "binding_type": "collection",
              "binding_collection_name": "$collection_name"
           },
           {
              "ignored": "(not $is_featured_server)",
              "binding_type": "view",
              "source_property_name": "(#is_server_info_available_collection and ($server_name_binding = $quick_connect_server_name))",
              "target_property_name": "#visible"
           },
           {
              "ignored": "$is_featured_server",
              "binding_type": "view",
              "source_property_name": "($server_name_binding = $quick_connect_server_name)",
              "target_property_name": "#visible"
           }
        ],
        "controls": [
           {
              "quick_connect_button@Nova_client_button.pink_button": {
                 "size": [
                    110,
                    20
                 ],
                 "$pressed_button_name": "button.menu_network_world_item",
                 "$button_text": "CubeCraft",
                 "$button_bindings": [
                    {
                       "binding_name": "$server_name_binding",
                       "binding_type": "collection",
                       "binding_collection_name": "$collection_name"
                    }
                 ],
                 "bindings": [
                    {
                       "binding_type": "collection_details",
                       "binding_collection_name": "$collection_name"
                    },
                    {
                       "ignored": "(not $is_featured_server)",
                       "binding_name": "#cross_platform_enabled",
                       "binding_name_override": "#enabled"
                    },
                    {
                       "ignored": "$is_featured_server",
                       "binding_name": "#network_world_button_enabled",
                       "binding_name_override": "#enabled",
                       "binding_collection_name": "$collection_name",
                       "binding_type": "collection"
                    }
                 ]
              }
           }
        ]
     }
 }