{
    "format_version": "1.8.0",
    "render_controllers": {
        "controller.render.helmet": {
            "geometry": "Geometry.helmet",
            "materials": [
                {
                    "*": "material.default"
                }
            ],
            "textures": [
                "(query.armor_texture_slot(0) == 0 ? texture.leather_helmet : (query.armor_texture_slot(0) == 1 ? texture.chainmail_helmet : (query.armor_texture_slot(0) == 2 ? texture.iron_helmet :(query.armor_texture_slot(0) == 3 ? texture.diamond_helmet :(query.armor_texture_slot(0) == 4 ? texture.gold_helmet :(query.armor_texture_slot(0) == 6 ? texture.turtle_helmet : (query.armor_texture_slot(0) == 7 ? texture.netherite_helmet : (q.is_item_name_any('slot.armor.head', 0, 'minecraft:carved_pumpkin') ? texture.pumpkin : texture.empty_helmet))))))))"
            ],
            "is_hurt_color": {
                "r": "variable.helmet_enchanted ? 0.4 : 0.0",
                "g": 0,
                "b": "variable.helmet_enchanted",
                "a": "variable.helmet_enchanted ? 0.05 * math.cos(query.life_time* 425.0) + 0.25 : 0.0"
            },
            "on_fire_color": {
                "r": "variable.helmet_enchanted ? 0.4 : 0.0",
                "g": 0,
                "b": "variable.helmet_enchanted",
                "a": "variable.helmet_enchanted ? 0.05 * math.cos(query.life_time* 425.0) + 0.25 : 0.0"
            },
            "overlay_color": {
                "r": "variable.helmet_enchanted ? 0.4 : 0.0",
                "g": 0,
                "b": "variable.helmet_enchanted",
                "a": "variable.helmet_enchanted ? 0.05 * math.cos(query.life_time* 425.0) + 0.25 : 0.0"
            },
            "light_color_multiplier": "variable.helmet_enchanted ? 0.05 * -math.cos(query.life_time * 500.0) + 1.5 : 1.15",
            "ignore_lighting": true
        },
        "controller.render.chestplate": {
            "geometry": "Geometry.chestplate",
            "materials": [
                {
                    "*": "material.default"
                }
            ],
            "textures": [
                "query.armor_texture_slot(1) == 0 ? texture.leather_chestplate : (query.armor_texture_slot(1) == 1 ? texture.chainmail_chestplate : (query.armor_texture_slot(1) == 2 ? texture.iron_chestplate : (query.armor_texture_slot(1) == 3 ? texture.diamond_chestplate : (query.armor_texture_slot(1) == 4 ? texture.gold_chestplate : (query.armor_texture_slot(1) == 5 ? texture.elytra : (query.armor_texture_slot(1) == 7 ? texture.netherite_chestplate : texture.empty_chestplate))))))"
            ],
            "is_hurt_color": {
                "r": "variable.chestplate_enchanted ? 0.4 : 0.0",
                "g": 0,
                "b": "variable.chestplate_enchanted",
                "a": "variable.chestplate_enchanted ? 0.05 * math.cos(query.life_time* 425.0) + 0.25 : 0.0"
            },
            "on_fire_color": {
                "r": "variable.chestplate_enchanted ? 0.4 : 0.0",
                "g": 0,
                "b": "variable.chestplate_enchanted",
                "a": "variable.chestplate_enchanted ? 0.05 * math.cos(query.life_time* 425.0) + 0.25 : 0.0"
            },
            "overlay_color": {
                "r": "variable.chestplate_enchanted ? 0.4 : 0.0",
                "g": 0,
                "b": "variable.chestplate_enchanted",
                "a": "variable.chestplate_enchanted ? 0.05 * math.cos(query.life_time* 425.0) + 0.25 : 0.0"
            },
            "light_color_multiplier": "variable.chestplate_enchanted ? 0.05 * -math.cos(query.life_time * 500.0) + 1.5 : 1.15",
            "ignore_lighting": true
        },
        "controller.render.leggings": {
            "geometry": "Geometry.leggings",
            "materials": [
                {
                    "*": "material.default"
                }
            ],
            "textures": [
                "query.armor_texture_slot(2) == 0 ? texture.leather_leggings : (query.armor_texture_slot(2) == 1 ? texture.chainmail_leggings : (query.armor_texture_slot(2) == 2 ? texture.iron_leggings : (query.armor_texture_slot(2) == 3 ? texture.diamond_leggings : (query.armor_texture_slot(2) == 4 ? texture.gold_leggings : (query.armor_texture_slot(2) == 7 ? texture.netherite_leggings : texture.empty_leggings)))))"
            ],
            "is_hurt_color": {
                "r": "variable.leggings_enchanted ? 0.4 : 0.0",
                "g": 0,
                "b": "variable.leggings_enchanted",
                "a": "variable.leggings_enchanted ? 0.05 * math.cos(query.life_time* 425.0) + 0.25 : 0.0"
            },
            "on_fire_color": {
                "r": "variable.leggings_enchanted ? 0.4 : 0.0",
                "g": 0,
                "b": "variable.leggings_enchanted",
                "a": "variable.leggings_enchanted ? 0.05 * math.cos(query.life_time* 425.0) + 0.25 : 0.0"
            },
            "overlay_color": {
                "r": "variable.leggings_enchanted ? 0.4 : 0.0",
                "g": 0,
                "b": "variable.leggings_enchanted",
                "a": "variable.leggings_enchanted ? 0.05 * math.cos(query.life_time* 425.0) + 0.25 : 0.0"
            },
            "light_color_multiplier": "variable.leggings_enchanted ? 0.05 * -math.cos(query.life_time * 500.0) + 1.5 : 1.15",
            "ignore_lighting": true
        },
        "controller.render.boots": {
            "geometry": "Geometry.boots",
            "materials": [
                {
                    "*": "material.default"
                }
            ],
            "textures": [
                "query.armor_texture_slot(3) == 0 ? texture.leather_boots : (query.armor_texture_slot(3) == 1 ? texture.chainmail_boots : (query.armor_texture_slot(3) == 2 ? texture.iron_boots : (query.armor_texture_slot(3) == 3 ? texture.diamond_boots : (query.armor_texture_slot(3) == 4 ? texture.gold_boots : (query.armor_texture_slot(3) == 7 ? texture.netherite_boots : texture.empty_boots)))))"
            ],
            "is_hurt_color": {
                "r": "variable.boots_enchanted ? 0.4 : 0.0",
                "g": 0,
                "b": "variable.boots_enchanted",
                "a": "variable.boots_enchanted ? 0.05 * math.cos(query.life_time* 425.0) + 0.25 : 0.0"
            },
            "on_fire_color": {
                "r": "variable.boots_enchanted ? 0.4 : 0.0",
                "g": 0,
                "b": "variable.boots_enchanted",
                "a": "variable.boots_enchanted ? 0.05 * math.cos(query.life_time* 425.0) + 0.25 : 0.0"
            },
            "overlay_color": {
                "r": "variable.boots_enchanted ? 0.4 : 0.0",
                "g": 0,
                "b": "variable.boots_enchanted",
                "a": "variable.boots_enchanted ? 0.05 * math.cos(query.life_time* 425.0) + 0.25 : 0.0"
            },
            "light_color_multiplier": "variable.boots_enchanted ? 0.05 * -math.cos(query.life_time * 500.0) + 1.5 : 1.15",
            "ignore_lighting": true
        }
    }
}