{
    "format_version": "1.10.0",
    "minecraft:client_entity": {
        "description": {
            "identifier": "minecraft:player",
            "materials": {
                "default": "entity_alphatest",
                "cape": "entity_alphatest",
                "animated": "player_animated",
                "spectator": "player_spectator",
                "render_method": "render_method"
            },
            "textures": {
                "default": "textures/entity/steve",
                "cape": "textures/entity/cape_invisible",
                "chainmail_boots": "textures/items/chainmail_boots",
                "chainmail_chestplate": "textures/items/chainmail_chestplate",
                "chainmail_helmet": "textures/items/chainmail_helmet",
                "chainmail_leggings": "textures/items/chainmail_leggings",
                "diamond_boots": "textures/items/diamond_boots",
                "diamond_chestplate": "textures/items/diamond_chestplate",
                "diamond_helmet": "textures/items/diamond_helmet",
                "diamond_leggings": "textures/items/diamond_leggings",
                "elytra": "textures/items/elytra",
                "gold_boots": "textures/items/gold_boots",
                "gold_chestplate": "textures/items/gold_chestplate",
                "gold_helmet": "textures/items/gold_helmet",
                "gold_leggings": "textures/items/gold_leggings",
                "iron_boots": "textures/items/iron_boots",
                "iron_chestplate": "textures/items/iron_chestplate",
                "iron_helmet": "textures/items/iron_helmet",
                "iron_leggings": "textures/items/iron_leggings",
                "leather_boots": ".NC/textures/modules/leather_boots",
                "leather_chestplate": ".NC/textures/modules/leather_chestplate",
                "leather_helmet": ".NC/textures/modules/leather_helmet",
                "leather_leggings": ".NC/textures/modules/leather_leggings",
                "netherite_boots": "textures/items/netherite_boots",
                "netherite_chestplate": "textures/items/netherite_chestplate",
                "netherite_helmet": "textures/items/netherite_helmet",
                "netherite_leggings": "textures/items/netherite_leggings",
                "turtle_helmet": "textures/items/turtle_helmet",
                "empty_helmet": "textures/ui/empty_armor_slot_helmet",
                "empty_chestplate": "textures/ui/empty_armor_slot_chestplate",
                "empty_leggings": "textures/ui/empty_armor_slot_leggings",
                "empty_boots": "textures/ui/empty_armor_slot_boots",
                "pumpkin": ".NC/textures/modules/pumpkin",
                "Nova_Client1_number0": ".NC/textures/modules/numbers/1_0",
                "Nova_Client1_number1": ".NC/textures/modules/numbers/1_1",
                "Nova_Client1_number2": ".NC/textures/modules/numbers/1_2",
                "Nova_Client1_number3": ".NC/textures/modules/numbers/1_3",
                "Nova_Client1_number4": ".NC/textures/modules/numbers/1_4",
                "Nova_Client1_number5": ".NC/textures/modules/numbers/1_5",
                "Nova_Client1_number6": ".NC/textures/modules/numbers/1_6",
                "Nova_Client1_number7": ".NC/textures/modules/numbers/1_7",
                "Nova_Client1_number8": ".NC/textures/modules/numbers/1_8",
                "Nova_Client1_number9": ".NC/textures/modules/numbers/1_9",
                "Nova_Client2_number0": ".NC/textures/modules/numbers/2_0",
                "Nova_Client2_number1": ".NC/textures/modules/numbers/2_1",
                "Nova_Client2_number2": ".NC/textures/modules/numbers/2_2",
                "Nova_Client2_number3": ".NC/textures/modules/numbers/2_3",
                "Nova_Client2_number4": ".NC/textures/modules/numbers/2_4",
                "Nova_Client2_number5": ".NC/textures/modules/numbers/2_5",
                "Nova_Client2_number6": ".NC/textures/modules/numbers/2_6",
                "Nova_Client2_number7": ".NC/textures/modules/numbers/2_7",
                "Nova_Client2_number8": ".NC/textures/modules/numbers/2_8",
                "Nova_Client2_number9": ".NC/textures/modules/numbers/2_9",
                "down_on": ".NC/textures/modules/keystrokes/down_on",
				"down": ".NC/textures/modules/keystrokes/down",
				"left_on": ".NC/textures/modules/keystrokes/left_on",
				"left": ".NC/textures/modules/keystrokes/left",
				"right_on": ".NC/textures/modules/keystrokes/right_on",
				"right": ".NC/textures/modules/keystrokes/right",
				"up_on": ".NC/textures/modules/keystrokes/up_on",
				"up": ".NC/textures/modules/keystrokes/up",
				"space_on": ".NC/textures/modules/keystrokes/space_on",
				"space": ".NC/textures/modules/keystrokes/space",
                "invis": ".NC/textures/invis"
            },
            "geometry": {
                "default": "geometry.humanoid.custom",
                "cape": "geometry.cape",
                "helmet": "geometry.helmet",
                "chestplate": "geometry.chestplate",
                "leggings": "geometry.leggings",
                "boots": "geometry.boots",
                "target_hud_health_number": "geometry.target_hud_health_number",
                "target_hud_distance_number": "geometry.target_hud_distance_number",
                "key": "geometry.key",
                "invis": "geometry.Nova_Client_invis"
            },
            "scripts": {
                "scale": "0.9375",
                "initialize": [
                    "variable.is_holding_right = 0.0;",
                    "variable.is_blinking = 0.0;",
                    "variable.last_blink_time = 0.0;",
                    "variable.hand_bob = 0.0;",
                    "variable.helmet_enchanted = 0.0;",
                    "variable.chestplate_enchanted = 0.0;",
                    "variable.leggings_enchanted = 0.0;",
                    "variable.boots_enchanted = 0.0;",
                    "variable.is_walking_north = 0.0;",
					"variable.is_walking_west = 0.0;",
					"variable.is_walking_south = 0.0;",
					"variable.is_walking_east = 0.0;",
					"variable.is_facing_north = 0.0;",
					"variable.is_facing_west = 0.0;",
					"variable.is_facing_south = 0.0;",
					"variable.is_facing_east = 0.0;",
					"variable.temp_w = 0.0;",
					"variable.temp_a = 0.0;",
					"variable.temp_s = 0.0;",
					"variable.temp_d = 0.0;",
					"variable.is_w = 0.0;",
					"variable.is_a = 0.0;",
					"variable.is_s = 0.0;",
					"variable.is_d = 0.0;",
					"variable.keystroke = 0.0;",
					"variable.speed = 0.0;"
                ],
                "pre_animation": [
                    "temp.target_hud_distance = temp.target_hud_distance ?? -1;",
                    "temp.target_hud_player_health = temp.target_hud_player_health ?? -1;",
                    "variable.helmet_enchanted = query.armor_material_slot(0) == 1 || query.armor_material_slot(0) == 3;",
                    "variable.chestplate_enchanted = query.armor_material_slot(1) == 1 || query.armor_material_slot(1) == 3;",
                    "variable.leggings_enchanted = query.armor_material_slot(2) == 1 || query.armor_material_slot(2) == 3;",
                    "variable.boots_enchanted = query.armor_material_slot(3) == 1 || query.armor_material_slot(3) == 3;",
                    "temp.chyves_rotation = temp.chyves_rotation ?? 0;",
					"variable.speed = query.is_moving ? (query.ground_speed - query.vertical_speed) : 0;",
					"variable.keystroke = Math.mod(360 + Math.mod(Math.atan2(query.position_delta(0), query.position_delta(2)) + query.head_y_rotation(0), 360), 360);",
					"variable.is_walking_north = variable.speed > 0.05 && ((variable.keystroke >= 23) && (variable.keystroke <= 157));",
					"variable.is_walking_west = variable.speed > 0.05 && ((variable.keystroke >= 112) && (variable.keystroke <= 248));",
					"variable.is_walking_south = variable.speed > 0.05 && ((variable.keystroke >= 203) && (variable.keystroke <= 337));",
					"variable.is_walking_east = variable.speed > 0.05 && (((variable.keystroke >= 293) && (variable.keystroke <= 360)) || ((variable.keystroke >= 0) && (variable.keystroke <= 67)));",
					"variable.is_facing_north = variable.speed > 0.05 && ((temp.chyves_rotation >= 23) && (temp.chyves_rotation <= 157));",
					"variable.is_facing_east = variable.speed > 0.05 && ((temp.chyves_rotation >= 112) && (temp.chyves_rotation <= 248));",
					"variable.is_facing_south = variable.speed > 0.05 && ((temp.chyves_rotation >= 203) && (temp.chyves_rotation <= 337));",
					"variable.is_facing_west = variable.speed > 0.05 && (((temp.chyves_rotation >= 293) && (temp.chyves_rotation <= 360)) || ((temp.chyves_rotation >= 0) && (temp.chyves_rotation <= 67)));",
					"variable.temp_w = (variable.is_walking_north && variable.is_facing_north) || (variable.is_walking_west && variable.is_facing_west) || (variable.is_walking_south && variable.is_facing_south) || (variable.is_walking_east && variable.is_facing_east);",
					"variable.temp_a = (variable.is_walking_west && variable.is_facing_north) || (variable.is_walking_south && variable.is_facing_west) || (variable.is_walking_east && variable.is_facing_south) || (variable.is_walking_north && variable.is_facing_east);",
					"variable.temp_s = (variable.is_walking_north && variable.is_facing_south) || (variable.is_walking_south && variable.is_facing_north) || (variable.is_walking_west && variable.is_facing_east) || (variable.is_walking_east && variable.is_facing_west);",
					"variable.temp_d = (variable.is_walking_east && variable.is_facing_north) || (variable.is_walking_north && variable.is_facing_west) || (variable.is_walking_west && variable.is_facing_south) || (variable.is_walking_south && variable.is_facing_east);",
					"variable.is_w = (variable.temp_w && variable.temp_s) ? 0 : variable.temp_w;", 
					"variable.is_a = (variable.temp_a && variable.temp_d) ? 0 : variable.temp_a;",
					"variable.is_s = (variable.temp_s && variable.temp_w) ? 0 : variable.temp_s;",
					"variable.is_d = (variable.temp_d && variable.temp_a) ? 0 : variable.temp_d;",
                    "variable.helmet_layer_visible = 1.0;",
                    "variable.leg_layer_visible = 1.0;",
                    "variable.boot_layer_visible = 1.0;",
                    "variable.chest_layer_visible = 1.0;",
                    "variable.attack_body_rot_y = Math.sin(360*Math.sqrt(variable.attack_time)) * 5.0;",
                    "variable.tcos0 = (math.cos(query.modified_distance_moved * 38.17) * query.modified_move_speed / variable.gliding_speed_value) * 57.3;",
                    "variable.first_person_rotation_factor = math.sin((1 - variable.attack_time) * 180.0);",
                    "variable.hand_bob = query.life_time < 0.01 ? 0.0 : variable.hand_bob + ((query.is_on_ground && query.is_alive ? math.clamp(math.sqrt(math.pow(query.position_delta(0), 2.0) + math.pow(query.position_delta(2), 2.0)), 0.0, 0.1) : 0.0) - variable.hand_bob) * 0.02;",
                    "variable.map_angle = math.clamp(1 - variable.player_x_rotation / 45.1, 0.0, 1.0);",
                    "variable.item_use_normalized = query.main_hand_item_use_duration / query.main_hand_item_max_duration;"
                ],
                "animate": [
                    "root",
                    "helmet",
                    "chestplate",
                    "leggings",
                    "boots",
                    "target_hud",
                    "chyves"
                ]
            },
            "animations": {
                "helmet": "animation.player.helmet",
                "chestplate": "animation.player.chestplate",
                "leggings": "animation.player.leggings",
                "boots": "animation.player.boots",
                "target_hud": "animation.player.target_hud",
                "chyves": "animation.chyves.keystrokes",
                "root": "controller.animation.player.root",
                "base_controller": "controller.animation.player.base",
                "hudplayer": "controller.animation.player.hudplayer",
                "humanoid_base_pose": "animation.humanoid.base_pose",
                "look_at_target": "controller.animation.humanoid.look_at_target",
                "look_at_target_ui": "animation.player.look_at_target.ui",
                "look_at_target_default": "animation.humanoid.look_at_target.default",
                "look_at_target_gliding": "animation.humanoid.look_at_target.gliding",
                "look_at_target_swimming": "animation.humanoid.look_at_target.swimming",
                "look_at_target_inverted": "animation.player.look_at_target.inverted",
                "cape": "animation.player.cape",
                "move.arms": "animation.player.move.arms",
                "move.legs": "animation.player.move.legs",
                "swimming": "animation.player.swim",
                "swimming.legs": "animation.player.swim.legs",
                "riding.arms": "animation.player.riding.arms",
                "riding.legs": "animation.player.riding.legs",
                "holding": "animation.player.holding",
                "brandish_spear": "animation.humanoid.brandish_spear",
                "charging": "animation.humanoid.charging",
                "attack.positions": "animation.player.attack.positions",
                "attack.rotations": "animation.player.attack.rotations",
                "sneaking": "animation.player.sneaking",
                "bob": "animation.player.bob",
                "damage_nearby_mobs": "animation.humanoid.damage_nearby_mobs",
                "fishing_rod": "animation.humanoid.fishing_rod",
                "use_item_progress": "animation.humanoid.use_item_progress",
                "skeleton_attack": "animation.skeleton.attack",
                "sleeping": "animation.player.sleeping",
                "first_person_base_pose": "animation.player.first_person.base_pose",
                "first_person_empty_hand": "animation.player.first_person.empty_hand",
                "first_person_swap_item": "animation.player.first_person.swap_item",
                "first_person_attack_controller": "controller.animation.player.first_person_attack",
                "first_person_attack_rotation": "animation.player.first_person.attack_rotation",
                "first_person_vr_attack_rotation": "animation.player.first_person.vr_attack_rotation",
                "first_person_map_controller": "controller.animation.player.first_person_map",
                "first_person_map_hold": "animation.player.first_person.map_hold",
                "first_person_map_hold_attack": "animation.player.first_person.map_hold_attack",
                "first_person_map_hold_off_hand": "animation.player.first_person.map_hold_off_hand",
                "first_person_map_hold_main_hand": "animation.player.first_person.map_hold_main_hand",
                "first_person_crossbow_equipped": "animation.player.first_person.crossbow_equipped",
                "third_person_crossbow_equipped": "animation.player.crossbow_equipped",
                "third_person_bow_equipped": "animation.player.bow_equipped",
                "crossbow_hold": "animation.player.crossbow_hold",
                "crossbow_controller": "controller.animation.player.crossbow",
                "shield_block_main_hand": "animation.player.shield_block_main_hand",
                "shield_block_off_hand": "animation.player.shield_block_off_hand",
                "blink": "controller.animation.persona.blink"
            },
            "render_controllers": [
                {
					"controller.render.player.first_person_spectator": "variable.is_first_person && query.is_spectator"
				},
				{
					"controller.render.player.third_person_spectator": "!variable.is_first_person && !variable.map_face_icon && query.is_spectator"
				},
				{
					"controller.render.player.first_person": "variable.is_first_person && !query.is_spectator"
				},
				{
					"controller.render.player.third_person": "!variable.is_first_person && !variable.map_face_icon && !query.is_spectator"
				},
				{
					"controller.render.player.map": "variable.map_face_icon"
				},
                {
                    "controller.render.helmet": "query.is_in_ui"
                },
                {
                    "controller.render.chestplate": "query.is_in_ui"
                },
                {
                    "controller.render.leggings": "query.is_in_ui"
                },
                {
                    "controller.render.boots": "query.is_in_ui"
                },
                {
                    "controller.render.target_hud_distance": "variable.is_paperdoll && !query.is_in_ui"
                },
                {
                    "controller.render.target_hud_health": "variable.is_paperdoll && !query.is_in_ui"
                },
                {
					"controller.render.key.w": "query.is_in_ui && !variable.is_paperdoll"
				},
				{
					"controller.render.key.a": "query.is_in_ui && !variable.is_paperdoll"
				},
				{
					"controller.render.key.s": "query.is_in_ui && !variable.is_paperdoll"
				},
				{
					"controller.render.key.d": "query.is_in_ui && !variable.is_paperdoll"
				},
				{
					"controller.render.key.space": "query.is_in_ui && !variable.is_paperdoll"
				},
				{
					"controller.render.rotation": "variable.is_paperdoll"
				},
                {
                    "controller.render.invis": "q.is_alive && !v.is_paperdoll && !v.is_first_person && !q.is_in_ui"
                }
            ],
            "enable_attachables": true
        }
    }
}