{
    "namespace": "hud",
    "hud_content": {
      "$hud_player_rend_desktop_offset|default": [
        15,
        15
      ],
      "$hud_size": [
        "100%",
        "100%"
      ],
      "controls": [
        {
          "root_panel@hud.root_panel": {}
        },
        {
          "camera_renderer@camera_renderer": {}
        },
        {
          "chat_panel@hud.chat_panel": {
            "layer": 1336,
            "clips_children": true,
            "anchor_from": "bottom_left",
            "anchor_to": "bottom_left",
            "visible": true,
            "size": [
              "40%",
              "40%"
            ],
            "offset": [
              0,
              -28
            ]
          }
        },
        {
          "modules_menu@Nova_client_modules_menu.content": {}
        },
        {
          "modules@Nova_client_module_list.content": {}
        }
      ],
      "size": "$hud_size",
      "type": "panel",
      "variables": [
        {
          "$hud_player_rend_desktop_offset": [
            100,
            50
          ],
          "requires": "($is_holographic and not $is_living_room_mode)"
        },
        {
          "$hud_size": [
            "90%",
            "100%"
          ],
          "requires": "($compress_hud_width)"
        }
      ]
    },
    "chat_panel": {
      "type": "panel",
      "visible": false,
      "clips_children": true,
      "anchor_from": "top_left",
      "anchor_to": "top_left",
      "size": [
        "100%",
        "100%c"
      ],
      "max_size": [
        "100%",
        "50%"
      ],
      "controls": [
        {
          "stack_panel": {
            "type": "stack_panel",
            "anchor_from": "bottom_left",
            "anchor_to": "bottom_left",
            "factory": {
              "name": "chat_item_factory",
              "max_children_size": 50,
              "control_ids": {
                "chat_item": "chat_item@hud.chat_grid_item"
              }
            }
          }
        }
      ]
    },
    "hud_screen@common.base_screen": {
      "$screen_animations": [
        "@common.screen_exit_animation_push_fade",
        "@common.screen_exit_animation_pop_fade",
        "@common.screen_entrance_animation_push_fade",
        "@common.screen_entrance_animation_pop_fade"
      ],
      "$screen_content": "hud.hud_content",
      "button_mappings": [
        {
          "from_button_id": "button.scoreboard",
          "mapping_type": "global",
          "to_button_id": "button.scoreboard"
        },
        {
          "from_button_id": "button.inventory_left",
          "mapping_type": "global",
          "to_button_id": "button.hotbar_inventory_left"
        },
        {
          "from_button_id": "button.inventory_right",
          "mapping_type": "global",
          "to_button_id": "button.hotbar_inventory_right"
        },
        {
          "from_button_id": "button.hide_gui",
          "mapping_type": "global",
          "to_button_id": "button.hide_gui_all"
        },
        {
          "from_button_id": "button.hide_tooltips",
          "mapping_type": "global",
          "to_button_id": "button.hide_tooltips_hud"
        },
        {
          "from_button_id": "button.hide_paperdoll",
          "mapping_type": "global",
          "to_button_id": "button.hide_paperdoll_hud"
        },
        {
          "from_button_id": "button.slot1",
          "mapping_type": "global",
          "to_button_id": "button.slot_1"
        },
        {
          "from_button_id": "button.slot2",
          "mapping_type": "global",
          "to_button_id": "button.slot_2"
        },
        {
          "from_button_id": "button.slot3",
          "mapping_type": "global",
          "to_button_id": "button.slot_3"
        },
        {
          "from_button_id": "button.slot4",
          "mapping_type": "global",
          "to_button_id": "button.slot_4"
        },
        {
          "from_button_id": "button.slot5",
          "mapping_type": "global",
          "to_button_id": "button.slot_5"
        },
        {
          "from_button_id": "button.slot6",
          "mapping_type": "global",
          "to_button_id": "button.slot_6"
        },
        {
          "from_button_id": "button.slot7",
          "mapping_type": "global",
          "to_button_id": "button.slot_7"
        },
        {
          "from_button_id": "button.slot8",
          "mapping_type": "global",
          "to_button_id": "button.slot_8"
        },
        {
          "from_button_id": "button.slot9",
          "mapping_type": "global",
          "to_button_id": "button.slot_9"
        },
        {
          "from_button_id": "button.slot0",
          "mapping_type": "global",
          "to_button_id": "button.slot_0"
        }
      ],
      "is_showing_menu": false,
      "always_accepts_input": true,
      "cache_screen": true,
      "should_steal_mouse": true,
      "low_frequency_rendering": true,
      "render_only_when_topmost": false,
      "absorbs_input": false,
      "send_telemetry": false
    }
  }