{
    "inventory_item_amount": {
        "size": [
            0,
            0
        ],
        "type": "panel",
        "$collection_name|default": "crafting_input_items",
        "bindings": [
            {
                "binding_name": "#item_id_aux",
                "binding_type": "collection",
                "binding_collection_name": "$collection_name"
            },
            {
                "binding_name": "#inventory_stack_count",
                "binding_type": "collection",
                "binding_collection_name": "$collection_name"
            },
            {
                "binding_type": "view",
                "source_property_name": "( (not (#inventory_stack_count * 1 > 1) * (not (#item_id_aux = -1) + 0)) + #inventory_stack_count * 1 )",
                "target_property_name": "#real_item_stack_count"
            }
        ]
    },
    "crafting_input": {
        "type": "stack_panel",
        "size": [
            0,
            0
        ],
        "collection_name": "crafting_input_items",
        "controls": [
            {
                "crafting_input_slot_0@inventory_item_amount": {
                    "collection_index": 0
                }
            },
            {
                "crafting_input_slot_1@inventory_item_amount": {
                    "collection_index": 1
                }
            },
            {
                "crafting_input_slot_2@inventory_item_amount": {
                    "collection_index": 2
                }
            },
            {
                "crafting_input_slot_3@inventory_item_amount": {
                    "collection_index": 3
                }
            },
            {
                "crafting_input_slot_4@inventory_item_amount": {
                    "collection_index": 4
                }
            },
            {
                "crafting_input_slot_5@inventory_item_amount": {
                    "collection_index": 5
                }
            },
            {
                "crafting_input_slot_6@inventory_item_amount": {
                    "collection_index": 6
                }
            },
            {
                "crafting_input_slot_7@inventory_item_amount": {
                    "collection_index": 7
                }
            },
            {
                "crafting_input_slot_8@inventory_item_amount": {
                    "collection_index": 8
                }
            },
            {
                "slot_min_item_count@inventory_item_amount": {
                    "$collection_name": "none",
                    "bindings": [
                        {
                            "binding_type": "view",
                            "resolve_sibling_scope": true,
                            "source_control_name": "crafting_input_slot_0",
                            "source_property_name": "#real_item_stack_count",
                            "target_property_name": "#input_0"
                        },
                        {
                            "binding_type": "view",
                            "resolve_sibling_scope": true,
                            "source_control_name": "crafting_input_slot_1",
                            "source_property_name": "#real_item_stack_count",
                            "target_property_name": "#input_1"
                        },
                        {
                            "binding_type": "view",
                            "resolve_sibling_scope": true,
                            "source_control_name": "crafting_input_slot_2",
                            "source_property_name": "#real_item_stack_count",
                            "target_property_name": "#input_2"
                        },
                        {
                            "binding_type": "view",
                            "resolve_sibling_scope": true,
                            "source_control_name": "crafting_input_slot_3",
                            "source_property_name": "#real_item_stack_count",
                            "target_property_name": "#input_3"
                        },
                        {
                            "binding_type": "view",
                            "resolve_sibling_scope": true,
                            "source_control_name": "crafting_input_slot_4",
                            "source_property_name": "#real_item_stack_count",
                            "target_property_name": "#input_4"
                        },
                        {
                            "binding_type": "view",
                            "resolve_sibling_scope": true,
                            "source_control_name": "crafting_input_slot_5",
                            "source_property_name": "#real_item_stack_count",
                            "target_property_name": "#input_5"
                        },
                        {
                            "binding_type": "view",
                            "resolve_sibling_scope": true,
                            "source_control_name": "crafting_input_slot_6",
                            "source_property_name": "#real_item_stack_count",
                            "target_property_name": "#input_6"
                        },
                        {
                            "binding_type": "view",
                            "resolve_sibling_scope": true,
                            "source_control_name": "crafting_input_slot_7",
                            "source_property_name": "#real_item_stack_count",
                            "target_property_name": "#input_7"
                        },
                        {
                            "binding_type": "view",
                            "resolve_sibling_scope": true,
                            "source_control_name": "crafting_input_slot_8",
                            "source_property_name": "#real_item_stack_count",
                            "target_property_name": "#input_8"
                        },
                        {
                            "binding_type": "view",
                            "source_property_name": "((#input_0 < #input_1 + 1 or #input_1 = 0) * #input_0 + (#input_0 > #input_1 or #input_0 = 0) * #input_1)",
                            "target_property_name": "#min_0_1"
                        },
                        {
                            "binding_type": "view",
                            "source_property_name": "((#min_0_1 < #input_1 + 1 or #input_1 = 0) * #min_0_1 + (#min_0_1 > #input_1 or #min_0_1 = 0) * #input_1)",
                            "target_property_name": "#min_1_2"
                        },
                        {
                            "binding_type": "view",
                            "source_property_name": "((#min_1_2 < #input_2 + 1 or #input_2 = 0) * #min_1_2 + (#min_1_2 > #input_2 or #min_1_2 = 0) * #input_2)",
                            "target_property_name": "#min_2_3"
                        },
                        {
                            "binding_type": "view",
                            "source_property_name": "((#min_2_3 < #input_3 + 1 or #input_3 = 0) * #min_2_3 + (#min_2_3 > #input_3 or #min_2_3 = 0) * #input_3)",
                            "target_property_name": "#min_3_4"
                        },
                        {
                            "binding_type": "view",
                            "source_property_name": "((#min_3_4 < #input_4 + 1 or #input_4 = 0) * #min_3_4 + (#min_3_4 > #input_4 or #min_3_4 = 0) * #input_4)",
                            "target_property_name": "#min_4_5"
                        },
                        {
                            "binding_type": "view",
                            "source_property_name": "((#min_4_5 < #input_5 + 1 or #input_5 = 0) * #min_4_5 + (#min_4_5 > #input_5 or #min_4_5 = 0) * #input_5)",
                            "target_property_name": "#min_5_6"
                        },
                        {
                            "binding_type": "view",
                            "source_property_name": "((#min_5_6 < #input_6 + 1 or #input_6 = 0) * #min_5_6 + (#min_5_6 > #input_6 or #min_5_6 = 0) * #input_6)",
                            "target_property_name": "#min_6_7"
                        },
                        {
                            "binding_type": "view",
                            "source_property_name": "((#min_6_7 < #input_7 + 1 or #input_7 = 0) * #min_6_7 + (#min_6_7 > #input_7 or #min_6_7 = 0) * #input_7)",
                            "target_property_name": "#min_7_8"
                        },
                        {
                            "binding_type": "view",
                            "source_property_name": "((#min_7_8 < #input_8 + 1 or #input_8 = 0) * #min_7_8 + (#min_7_8 > #input_8 or #min_7_8 = 0) * #input_8)",
                            "target_property_name": "#min_crafting_output"
                        }
                    ]
                }
            }
        ]
    },
    "recipe_inventory_screen_content": {
        "modifications": [
            {
                "array_name": "controls",
                "operation": "insert_front",
                "value": [
                    {
                        "crafting_input@crafting_input": {}
                    },
                    {
                        "crafting_output_slot_0@inventory_item_amount": {
                            "$collection_name": "crafting_output_items"
                        }
                    }
                ]
            }
        ]
    },
    "crafting_panel_top_half": {
        "modifications": [
            {
                "array_name": "controls",
                "operation": "insert_front",
                "value": [
                    {
                        "total_count@total_item_can_be_crafting": {
                            "anchor_from": "right_middle",
                            "anchor_to": "right_middle",
                            "offset": [
                                -26,
                                20
                            ]
                        }
                    }
                ]
            }
        ]
    },
    "survival_panel_top_half": {
        "modifications": [
            {
                "array_name": "controls",
                "operation": "insert_front",
                "value": [
                    {
                        "total_count@total_item_can_be_crafting": {
                            "anchor_from": "right_middle",
                            "anchor_to": "right_middle",
                            "offset": [
                                -6,
                                10
                            ]
                        }
                    }
                ]
            }
        ]
    },
    "total_item_can_be_crafting": {
        "type": "label",
        "text": "#text",
        "color": "$title_text_color",
        "anchor_from": "right_middle",
        "anchor_to": "right_middle",
        "bindings": [
            {
                "binding_type": "view",
                "source_control_name": "crafting_output_slot_0",
                "source_property_name": "#real_item_stack_count",
                "target_property_name": "#output_count"
            },
            {
                "binding_type": "view",
                "source_control_name": "slot_min_item_count",
                "source_property_name": "#min_crafting_output",
                "target_property_name": "#min_crafting_output"
            },
            {
                "binding_type": "view",
                "source_property_name": "(not (#min_crafting_output * #output_count) = 0)",
                "target_property_name": "#visible"
            },
            {
                "binding_type": "view",
                "source_property_name": "('x' + #min_crafting_output * #output_count)",
                "target_property_name": "#text"
            }
        ]
    }
}