{
    "namespace": "pause",
    "pause_screen@common.base_screen": {
        "cache_screen": true,
        "force_render_below": true,
        "close_on_player_hurt": false,
        "render_only_when_topmost": false,
        "$use_loading_bars": false,
        "is_modal": false,
        "absorbs_input": false,
        "low_frequency_rendering": true,
        "render_game_behind": true,
        "prevent_touch_input": true,
        "variables": [
            {
                "requires": "$ignore_edu_pause",
                "$screen_content": "Nova_Client_pause_screen.content",
                "$screen_bg_content": "common.screen_background"
            },
            {
                "requires": "(not $ignore_edu_pause)",
                "$screen_content": "pause.pause_screen_content"
            }
        ],
        "$screen_animations": [
            "@common.screen_exit_animation_push_fade",
            "@common.screen_exit_animation_pop_fade",
            "@common.screen_entrance_animation_push_fade",
            "@common.screen_entrance_animation_pop_fade"
        ],
        "button_mappings": [
            {
                "from_button_id": "button.menu_cancel",
                "mapping_type": "global",
                "to_button_id": "button.menu_continue"
            },
            {
                "from_button_id": "button.controller_start",
                "mapping_type": "global",
                "to_button_id": "button.menu_continue"
            },
            {
                "from_button_id": "button.menu_vr_realign",
                "mapping_type": "global",
                "scope": "controller",
                "to_button_id": "button.menu_vr_realign"
            },
            {
                "from_button_id": "button.controller_select",
                "mapping_type": "global",
                "scope": "controller",
                "to_button_id": "button.to_profile_or_skins_screen"
            },
            {
                "from_button_id": "button.menu_tab_left",
                "mapping_type": "global",
                "scope": "view",
                "to_button_id": "button.menu_tab_left"
            },
            {
                "from_button_id": "button.menu_tab_right",
                "mapping_type": "global",
                "scope": "view",
                "to_button_id": "button.menu_tab_right"
            }
        ]
    }
}