{
    "world_loading_progress_screen": {
        "$screen_content": "Nova_Client_progress_screen.content"
    },
    "overworld_loading_progress_screen": {
        "$screen_content": "Nova_Client_progress_screen.content",
        "$screen_animations": []
    },
    "nether_loading_progress_screen": {
        "$screen_content": "Nova_Client_progress_screen.content",
        "$screen_animations": []
    },
    "theend_loading_progress_screen": {
        "$screen_content": "Nova_Client_progress_screen.content",
        "$screen_animations": []
    }
}