{
    "namespace": "common",
    "highlight_slot_panel/highlight/hover_text": {
        "bindings": [
            {
                "binding_name": "$hover_text_binding_name",
                "binding_name_override": "#hover_text_binding",
                "binding_type": "collection",
                "binding_collection_name": "$item_collection_name"
            },
            {
                "binding_name": "#item_id_aux",
                "binding_type": "collection",
                "binding_collection_name": "$item_collection_name"
            },
            {
                "binding_type": "collection_details",
                "binding_collection_name": "$item_collection_name"
            },
            {
                "binding_type": "view",
                "source_property_name": "(#item_id_aux/65536)",
                "target_property_name": "#item_id"
            },
            {
                "binding_type": "view",
                "source_property_name": "('\n§zItem Tooltips:\n§7Aux Id: ' + #item_id_aux + '\nItem Id: ' + #item_id)",
                "target_property_name": "#item_data"
            },
            {
                "binding_type": "view",
                "source_property_name": "(#hover_text_binding + '\n§f§r' + #item_data)",
                "target_property_name": "#hover_text"
            },
            {
                "binding_type": "view",
                "source_property_name": "(not (#item_id_aux=-1))",
                "target_property_name": "#visible"
            }
        ]
    }
}