{
  "namespace": "Nova_Client_armor_hud",
  "armorhud": {
    "type": "custom",
    "layer": 10,
    "renderer": "live_player_renderer",
    "size": [
      14,
      14
    ]
  },
  "loader@Nova_Client_armor_hud.armorhud": {
    "anchor_from": "bottom_right",
    "anchor_to": "bottom_right",
    "offset": [
      0,
      350
    ],
    "bindings": [
      {
        "binding_type": "view",
        "source_control_name": "armor_hud",
        "source_property_name": "(not #toggle_state)",
        "target_property_name": "#visible"
      }
    ]
  },
  "background":{
    "type": "image",
    "texture": "textures/ui/hud_tip_text_background",
    "anchor_from": "bottom_right",
    "anchor_to": "bottom_right",
    "alpha": 0.5,
    "size": [
      20,
      80
    ],
    "offset": [
      0,
      350
    ]
  },
  "content": {
    "type": "panel",
    "controls": [
      {
        "load_in@Nova_Client_armor_hud.loader": {}
      },
      {
        "black@Nova_Client_armor_hud.background": {}
      }
    ]
  }
}