{
    "namespace": "Nova_Client_array_list",
    "array_list_template": {
      "type": "image",
      "size": [
        "100%c + 5px",
        12
      ],
      "texture": "textures/ui/Black",
      "alpha": 0.5,
      "layer":0,
      "anchor_from": "top_right",
      "anchor_to": "top_right",
      "controls": [
        {
            "module_label": {
                "type": "label",
                "text": "$array_label_text",
                "text_alignment": "right",
                "anchor_from": "right_middle",
                "anchor_to": "right_middle",
                "shadow": true,
                "font_scale_factor": 0.6666,
                "layer": 1,
                "size":[
                    "default",
                    10
                ]
            }
        }
      ]
    },
    "content":{
      "type": "stack_panel",
      "orientation": "vertical",
      "controls": [
        {
          "bottomchat@Nova_Client_array_list.array_list_template": {
            "$array_label_text":"Bottom Chat"
          }
        },
        {
          "keystrokes@Nova_Client_array_list.array_list_template": {
            "$array_label_text":"Keystrokes"
          }
        },
        {
          "targethud@Nova_Client_array_list.array_list_template": {
            "$array_label_text":"Target Hud"
          }
        },
        {
          "armorhud@Nova_Client_array_list.array_list_template": {
            "$array_label_text":"Armor Hud"
          }
        },
        {
          "ip@Nova_Client_array_list.array_list_template": {
            "$array_label_text":"Server IP"
          }
        },
        {
          "arraylist@Nova_Client_array_list.array_list_template": {
            "$array_label_text":"Arraylist"
          }
        },
        {
          "counter@Nova_Client_array_list.array_list_template": {
            "$array_label_text":"Counters"
          }
        }
      ]
    }
}