{
    "namespace": "Nova_Client_hud_buttons",
    "f1_button@Nova_client_button.ore_ui_button": {
      "$pressed_button_name": "button.hide_gui_all",
      "$button_text": "F1",
      "$focus_override_right": "FOCUS_OVERRIDE_STOP",
      "prevent_touch_input": true,
      "anchor_from": "top_middle",
      "anchor_to": "top_middle",
      "offset": [
        40,
        0
      ],
      "size": [
        20,
        20
      ]
    },
    "f8_button@Nova_client_button.ore_ui_button": {
        "$pressed_button_name": "button.hide_paperdoll_hud",
        "$button_text": "F8",
        "$focus_override_right": "FOCUS_OVERRIDE_STOP",
        "prevent_touch_input": true,
        "anchor_from": "top_middle",
        "anchor_to": "top_middle",
        "offset": [
          60,
          0
        ],
        "size": [
          20,
          20
        ]
      },
    "clock_and_compass": {
      "type": "stack_panel",
      "anchor_from": "top_right",
      "anchor_to": "top_right",
      "orientation": "horizontal",
      "size": [
        48,
        16
      ],
      "controls": [
        {
          "recovery@Nova_Client_hud_buttons.item": {
            "property_bag": {
              "#item_id_aux": 42926080
            }
          }
        },
        {
          "compass@Nova_Client_hud_buttons.item": {
            "property_bag": {
              "#item_id_aux": 25821184
            }
          }
        },
        {
          "clock@Nova_Client_hud_buttons.item": {
            "property_bag": {
              "#item_id_aux": 25952256
            }
          }
        }
      ],
      "bindings": [
        {
          "binding_name": "#hud_visible",
          "binding_name_override": "#visible",
          "binding_type": "global"
        }
      ]
    },
    "item": {
      "type": "custom",
      "renderer": "inventory_item_renderer",
      "size": [
        16,
        16
      ]
    },
    "hitter": {
      "type": "image",
      "texture": ".NC/textures/modules/hit",
      "alpha": 0.75,
      "offset": [
        0,
        13
      ],
      "size": [
        16,
        7
      ],
      "bindings": [
        {
          "binding_condition": "always",
          "binding_name": "#interact_visible",
          "binding_name_override": "#visible"
        }
      ]
    },
    "content": {
      "type": "panel",
      "controls": [
        {
          "f1@Nova_Client_hud_buttons.f1_button": {
            "bindings": [
              {
                "binding_condition": "always",
                "binding_name": "#inventory_touch_button",
                "binding_name_override": "#visible",
                "binding_type": "global"
              }
            ]
          }
        },
        {
            "f8@Nova_Client_hud_buttons.f8_button": {
              "bindings": [
                {
                  "binding_condition": "always",
                  "binding_name": "#inventory_touch_button",
                  "binding_name_override": "#visible",
                  "binding_type": "global"
                }
              ]
            }
          },
        {
          "cnc@Nova_Client_hud_buttons.clock_and_compass": {}
        },
        {
          "hit@Nova_Client_hud_buttons.hitter": {}
        }
      ]
    }
  }