{
    "namespace": "Nova_Client_mainhand",
    "content": {
        "type": "panel",
        "controls": [
            {
                "main_hand_slot@Nova_Client_mainhand.main_hand_slot": {}
            },
            {
                "durability_for_items@Nova_Client_mainhand.main_hand_durability_percent": {}
            }
        ]
    },
    "durability_percent": {
        "$Nova_Client_total_bar": "#item_durability_total_amount",
        "$Nova_Client_current_bar": "#item_durability_current_amount",
        "bindings": [
            {
                "binding_name": "$Nova_Client_total_bar",
                "binding_type": "collection",
                "binding_collection_name": "hotbar_items"
            },
            {
                "binding_name": "$Nova_Client_current_bar",
                "binding_type": "collection",
                "binding_collection_name": "hotbar_items"
            },
            {
                "binding_type": "view",
                "source_property_name": "((($Nova_Client_current_bar / $Nova_Client_total_bar) > $min_durability) and (($Nova_Client_current_bar / $Nova_Client_total_bar) < $max_durability)) or (($Nova_Client_current_bar / $Nova_Client_total_bar) = $min_durability)",
                "target_property_name": "#visible"
            }
        ]
    },
    "main_hand_durability_percent": {
        "type": "grid",
        "grid_item_template": "Nova_Client_mainhand.dura_panel",
        "grid_dimension_binding": "#hotbar_grid_dimensions",
        "collection_name": "hotbar_items",
        "size": [
            "100%cm",
            "100%cm"
        ],
        "anchor_from": "bottom_middle",
        "anchor_to": "bottom_middle",
        "offset": [
            175,
            -12
        ],
        "bindings": [
            {
                "binding_type": "view",
                "source_control_name": "main_hand",
                "source_property_name": "#toggle_state",
                "target_property_name": "#visible"
            },
            {
                "binding_name": "#hotbar_grid_dimensions",
                "binding_type": "global"
            }
        ]
    },
    "dura_panel": {
        "type": "panel",
        "size": [
            0,
            0
        ],
        "bindings": [
            {
                "binding_name": "#slot_selected",
                "binding_name_override": "#visible",
                "binding_type": "collection",
                "binding_collection_name": "hotbar_items"
            }
        ],
        "controls": [
            {
                "1@durability_item_with_bg": {}
            }
        ]
    },
    "durability_item_with_bg": {
        "type": "image",
        "size": [
            "100%c + 5px",
            "100%c + 5px"
        ],
        "texture": "textures/ui/hud_tip_text_background",
        "layer": -5,
        "anchor_from": "right_middle",
        "anchor_to": "right_middle",
        "alpha": 0.5,
        "bindings": [
            {
                "binding_name": "(not (#item_durability_total_amount = 0))",
                "binding_name_override": "#visible",
                "binding_type": "collection",
                "binding_collection_name": "hotbar_items"
            }
        ],
        "controls": [
            {
                "1@dura_panel_percent": {}
            }
        ]
    },
    "dura_panel_percent": {
        "type": "stack_panel",
        "size": [
            "100%c",
            "100%cm"
        ],
        "orientation": "horizontal",
        "controls": [
            {
                "durability@durability_percent_panel": {}
            },
            {
                "percent@durability_percent": {
                    "type": "label",
                    "max_size": [
                        "default",
                        10
                    ],
                    "color": [
                        0,
                        1,
                        0
                    ],
                    "text": "%",
                    "font_scale_factor": 1,
                    "layer": 10,
                    "shadow": false,
                    "localize": false,
                    "$min_durability": 0,
                    "$max_durability": 1.01
                }
            }
        ]
    },
    "durability_text": {
        "type": "panel",
        "size": [
            "100%c",
            "100%cm"
        ],
        "controls": [
            {
                "percent@durability_percent": {
                    "type": "label",
                    "max_size": [
                        "default",
                        10
                    ],
                    "color": [
                        0,
                        1,
                        0
                    ],
                    "text": "$Nova_Client_durability_text",
                    "font_scale_factor": 1,
                    "layer": 10,
                    "text_alignment": "center",
                    "shadow": false,
                    "localize": false
                }
            }
        ]
    },
    "durability_percent_panel": {
        "type": "panel",
        "layer": 100,
        "$is_grabbed": false,
        "size": [
            "100%c",
            "100%cm"
        ],
        "controls": [
            {
                "0@durability_text": {
                    "$Nova_Client_durability_text": "0",
                    "$min_durability": 0,
                    "$max_durability": 0.01
                }
            },
            {
                "1@durability_text": {
                    "$Nova_Client_durability_text": "1",
                    "$min_durability": 0.01,
                    "$max_durability": 0.02
                }
            },
            {
                "2@durability_text": {
                    "$Nova_Client_durability_text": "2",
                    "$min_durability": 0.02,
                    "$max_durability": 0.03
                }
            },
            {
                "3@durability_text": {
                    "$Nova_Client_durability_text": "3",
                    "$min_durability": 0.03,
                    "$max_durability": 0.04
                }
            },
            {
                "4@durability_text": {
                    "$Nova_Client_durability_text": "4",
                    "$min_durability": 0.04,
                    "$max_durability": 0.05
                }
            },
            {
                "5@durability_text": {
                    "$Nova_Client_durability_text": "5",
                    "$min_durability": 0.05,
                    "$max_durability": 0.06
                }
            },
            {
                "6@durability_text": {
                    "$Nova_Client_durability_text": "6",
                    "$min_durability": 0.06,
                    "$max_durability": 0.07
                }
            },
            {
                "7@durability_text": {
                    "$Nova_Client_durability_text": "7",
                    "$min_durability": 0.07,
                    "$max_durability": 0.08
                }
            },
            {
                "8@durability_text": {
                    "$Nova_Client_durability_text": "8",
                    "$min_durability": 0.08,
                    "$max_durability": 0.09
                }
            },
            {
                "9@durability_text": {
                    "$Nova_Client_durability_text": "9",
                    "$min_durability": 0.09,
                    "$max_durability": 0.1
                }
            },
            {
                "10@durability_text": {
                    "$Nova_Client_durability_text": "10",
                    "$min_durability": 0.1,
                    "$max_durability": 0.11
                }
            },
            {
                "11@durability_text": {
                    "$Nova_Client_durability_text": "11",
                    "$min_durability": 0.11,
                    "$max_durability": 0.12
                }
            },
            {
                "12@durability_text": {
                    "$Nova_Client_durability_text": "12",
                    "$min_durability": 0.12,
                    "$max_durability": 0.13
                }
            },
            {
                "13@durability_text": {
                    "$Nova_Client_durability_text": "13",
                    "$min_durability": 0.13,
                    "$max_durability": 0.14
                }
            },
            {
                "14@durability_text": {
                    "$Nova_Client_durability_text": "14",
                    "$min_durability": 0.14,
                    "$max_durability": 0.15
                }
            },
            {
                "15@durability_text": {
                    "$Nova_Client_durability_text": "15",
                    "$min_durability": 0.15,
                    "$max_durability": 0.16
                }
            },
            {
                "16@durability_text": {
                    "$Nova_Client_durability_text": "16",
                    "$min_durability": 0.16,
                    "$max_durability": 0.17
                }
            },
            {
                "17@durability_text": {
                    "$Nova_Client_durability_text": "17",
                    "$min_durability": 0.17,
                    "$max_durability": 0.18
                }
            },
            {
                "18@durability_text": {
                    "$Nova_Client_durability_text": "18",
                    "$min_durability": 0.18,
                    "$max_durability": 0.19
                }
            },
            {
                "19@durability_text": {
                    "$Nova_Client_durability_text": "19",
                    "$min_durability": 0.19,
                    "$max_durability": 0.2
                }
            },
            {
                "20@durability_text": {
                    "$Nova_Client_durability_text": "20",
                    "$min_durability": 0.2,
                    "$max_durability": 0.21
                }
            },
            {
                "21@durability_text": {
                    "$Nova_Client_durability_text": "21",
                    "$min_durability": 0.21,
                    "$max_durability": 0.22
                }
            },
            {
                "22@durability_text": {
                    "$Nova_Client_durability_text": "22",
                    "$min_durability": 0.22,
                    "$max_durability": 0.23
                }
            },
            {
                "23@durability_text": {
                    "$Nova_Client_durability_text": "23",
                    "$min_durability": 0.23,
                    "$max_durability": 0.24
                }
            },
            {
                "24@durability_text": {
                    "$Nova_Client_durability_text": "24",
                    "$min_durability": 0.24,
                    "$max_durability": 0.25
                }
            },
            {
                "25@durability_text": {
                    "$Nova_Client_durability_text": "25",
                    "$min_durability": 0.25,
                    "$max_durability": 0.26
                }
            },
            {
                "26@durability_text": {
                    "$Nova_Client_durability_text": "26",
                    "$min_durability": 0.26,
                    "$max_durability": 0.27
                }
            },
            {
                "27@durability_text": {
                    "$Nova_Client_durability_text": "27",
                    "$min_durability": 0.27,
                    "$max_durability": 0.28
                }
            },
            {
                "28@durability_text": {
                    "$Nova_Client_durability_text": "28",
                    "$min_durability": 0.28,
                    "$max_durability": 0.29
                }
            },
            {
                "29@durability_text": {
                    "$Nova_Client_durability_text": "29",
                    "$min_durability": 0.29,
                    "$max_durability": 0.3
                }
            },
            {
                "30@durability_text": {
                    "$Nova_Client_durability_text": "30",
                    "$min_durability": 0.3,
                    "$max_durability": 0.31
                }
            },
            {
                "31@durability_text": {
                    "$Nova_Client_durability_text": "31",
                    "$min_durability": 0.31,
                    "$max_durability": 0.32
                }
            },
            {
                "32@durability_text": {
                    "$Nova_Client_durability_text": "32",
                    "$min_durability": 0.32,
                    "$max_durability": 0.33
                }
            },
            {
                "33@durability_text": {
                    "$Nova_Client_durability_text": "33",
                    "$min_durability": 0.33,
                    "$max_durability": 0.34
                }
            },
            {
                "34@durability_text": {
                    "$Nova_Client_durability_text": "34",
                    "$min_durability": 0.34,
                    "$max_durability": 0.35
                }
            },
            {
                "35@durability_text": {
                    "$Nova_Client_durability_text": "35",
                    "$min_durability": 0.35,
                    "$max_durability": 0.36
                }
            },
            {
                "36@durability_text": {
                    "$Nova_Client_durability_text": "36",
                    "$min_durability": 0.36,
                    "$max_durability": 0.37
                }
            },
            {
                "37@durability_text": {
                    "$Nova_Client_durability_text": "37",
                    "$min_durability": 0.37,
                    "$max_durability": 0.38
                }
            },
            {
                "38@durability_text": {
                    "$Nova_Client_durability_text": "38",
                    "$min_durability": 0.38,
                    "$max_durability": 0.39
                }
            },
            {
                "39@durability_text": {
                    "$Nova_Client_durability_text": "39",
                    "$min_durability": 0.39,
                    "$max_durability": 0.4
                }
            },
            {
                "40@durability_text": {
                    "$Nova_Client_durability_text": "40",
                    "$min_durability": 0.4,
                    "$max_durability": 0.41
                }
            },
            {
                "41@durability_text": {
                    "$Nova_Client_durability_text": "41",
                    "$min_durability": 0.41,
                    "$max_durability": 0.42
                }
            },
            {
                "42@durability_text": {
                    "$Nova_Client_durability_text": "42",
                    "$min_durability": 0.42,
                    "$max_durability": 0.43
                }
            },
            {
                "43@durability_text": {
                    "$Nova_Client_durability_text": "43",
                    "$min_durability": 0.43,
                    "$max_durability": 0.44
                }
            },
            {
                "44@durability_text": {
                    "$Nova_Client_durability_text": "44",
                    "$min_durability": 0.44,
                    "$max_durability": 0.45
                }
            },
            {
                "45@durability_text": {
                    "$Nova_Client_durability_text": "45",
                    "$min_durability": 0.45,
                    "$max_durability": 0.46
                }
            },
            {
                "46@durability_text": {
                    "$Nova_Client_durability_text": "46",
                    "$min_durability": 0.46,
                    "$max_durability": 0.47
                }
            },
            {
                "47@durability_text": {
                    "$Nova_Client_durability_text": "47",
                    "$min_durability": 0.47,
                    "$max_durability": 0.48
                }
            },
            {
                "48@durability_text": {
                    "$Nova_Client_durability_text": "48",
                    "$min_durability": 0.48,
                    "$max_durability": 0.49
                }
            },
            {
                "49@durability_text": {
                    "$Nova_Client_durability_text": "49",
                    "$min_durability": 0.49,
                    "$max_durability": 0.5
                }
            },
            {
                "50@durability_text": {
                    "$Nova_Client_durability_text": "50",
                    "$min_durability": 0.5,
                    "$max_durability": 0.51
                }
            },
            {
                "51@durability_text": {
                    "$Nova_Client_durability_text": "51",
                    "$min_durability": 0.51,
                    "$max_durability": 0.52
                }
            },
            {
                "52@durability_text": {
                    "$Nova_Client_durability_text": "52",
                    "$min_durability": 0.52,
                    "$max_durability": 0.53
                }
            },
            {
                "53@durability_text": {
                    "$Nova_Client_durability_text": "53",
                    "$min_durability": 0.53,
                    "$max_durability": 0.54
                }
            },
            {
                "54@durability_text": {
                    "$Nova_Client_durability_text": "54",
                    "$min_durability": 0.54,
                    "$max_durability": 0.55
                }
            },
            {
                "55@durability_text": {
                    "$Nova_Client_durability_text": "55",
                    "$min_durability": 0.55,
                    "$max_durability": 0.56
                }
            },
            {
                "56@durability_text": {
                    "$Nova_Client_durability_text": "56",
                    "$min_durability": 0.56,
                    "$max_durability": 0.57
                }
            },
            {
                "57@durability_text": {
                    "$Nova_Client_durability_text": "57",
                    "$min_durability": 0.57,
                    "$max_durability": 0.58
                }
            },
            {
                "58@durability_text": {
                    "$Nova_Client_durability_text": "58",
                    "$min_durability": 0.58,
                    "$max_durability": 0.59
                }
            },
            {
                "59@durability_text": {
                    "$Nova_Client_durability_text": "59",
                    "$min_durability": 0.59,
                    "$max_durability": 0.6
                }
            },
            {
                "60@durability_text": {
                    "$Nova_Client_durability_text": "60",
                    "$min_durability": 0.6,
                    "$max_durability": 0.61
                }
            },
            {
                "61@durability_text": {
                    "$Nova_Client_durability_text": "61",
                    "$min_durability": 0.61,
                    "$max_durability": 0.62
                }
            },
            {
                "62@durability_text": {
                    "$Nova_Client_durability_text": "62",
                    "$min_durability": 0.62,
                    "$max_durability": 0.63
                }
            },
            {
                "63@durability_text": {
                    "$Nova_Client_durability_text": "63",
                    "$min_durability": 0.63,
                    "$max_durability": 0.64
                }
            },
            {
                "64@durability_text": {
                    "$Nova_Client_durability_text": "64",
                    "$min_durability": 0.64,
                    "$max_durability": 0.65
                }
            },
            {
                "65@durability_text": {
                    "$Nova_Client_durability_text": "65",
                    "$min_durability": 0.65,
                    "$max_durability": 0.66
                }
            },
            {
                "66@durability_text": {
                    "$Nova_Client_durability_text": "66",
                    "$min_durability": 0.66,
                    "$max_durability": 0.67
                }
            },
            {
                "67@durability_text": {
                    "$Nova_Client_durability_text": "67",
                    "$min_durability": 0.67,
                    "$max_durability": 0.68
                }
            },
            {
                "68@durability_text": {
                    "$Nova_Client_durability_text": "68",
                    "$min_durability": 0.68,
                    "$max_durability": 0.69
                }
            },
            {
                "69@durability_text": {
                    "$Nova_Client_durability_text": "69",
                    "$min_durability": 0.69,
                    "$max_durability": 0.7
                }
            },
            {
                "70@durability_text": {
                    "$Nova_Client_durability_text": "70",
                    "$min_durability": 0.7,
                    "$max_durability": 0.71
                }
            },
            {
                "71@durability_text": {
                    "$Nova_Client_durability_text": "71",
                    "$min_durability": 0.71,
                    "$max_durability": 0.72
                }
            },
            {
                "72@durability_text": {
                    "$Nova_Client_durability_text": "72",
                    "$min_durability": 0.72,
                    "$max_durability": 0.73
                }
            },
            {
                "73@durability_text": {
                    "$Nova_Client_durability_text": "73",
                    "$min_durability": 0.73,
                    "$max_durability": 0.74
                }
            },
            {
                "74@durability_text": {
                    "$Nova_Client_durability_text": "74",
                    "$min_durability": 0.74,
                    "$max_durability": 0.75
                }
            },
            {
                "75@durability_text": {
                    "$Nova_Client_durability_text": "75",
                    "$min_durability": 0.75,
                    "$max_durability": 0.76
                }
            },
            {
                "76@durability_text": {
                    "$Nova_Client_durability_text": "76",
                    "$min_durability": 0.76,
                    "$max_durability": 0.77
                }
            },
            {
                "77@durability_text": {
                    "$Nova_Client_durability_text": "77",
                    "$min_durability": 0.77,
                    "$max_durability": 0.78
                }
            },
            {
                "78@durability_text": {
                    "$Nova_Client_durability_text": "78",
                    "$min_durability": 0.78,
                    "$max_durability": 0.79
                }
            },
            {
                "79@durability_text": {
                    "$Nova_Client_durability_text": "79",
                    "$min_durability": 0.79,
                    "$max_durability": 0.8
                }
            },
            {
                "80@durability_text": {
                    "$Nova_Client_durability_text": "80",
                    "$min_durability": 0.8,
                    "$max_durability": 0.81
                }
            },
            {
                "81@durability_text": {
                    "$Nova_Client_durability_text": "81",
                    "$min_durability": 0.81,
                    "$max_durability": 0.82
                }
            },
            {
                "82@durability_text": {
                    "$Nova_Client_durability_text": "82",
                    "$min_durability": 0.82,
                    "$max_durability": 0.83
                }
            },
            {
                "83@durability_text": {
                    "$Nova_Client_durability_text": "83",
                    "$min_durability": 0.83,
                    "$max_durability": 0.84
                }
            },
            {
                "84@durability_text": {
                    "$Nova_Client_durability_text": "84",
                    "$min_durability": 0.84,
                    "$max_durability": 0.85
                }
            },
            {
                "85@durability_text": {
                    "$Nova_Client_durability_text": "85",
                    "$min_durability": 0.85,
                    "$max_durability": 0.86
                }
            },
            {
                "86@durability_text": {
                    "$Nova_Client_durability_text": "86",
                    "$min_durability": 0.86,
                    "$max_durability": 0.87
                }
            },
            {
                "87@durability_text": {
                    "$Nova_Client_durability_text": "87",
                    "$min_durability": 0.87,
                    "$max_durability": 0.88
                }
            },
            {
                "88@durability_text": {
                    "$Nova_Client_durability_text": "88",
                    "$min_durability": 0.88,
                    "$max_durability": 0.89
                }
            },
            {
                "89@durability_text": {
                    "$Nova_Client_durability_text": "89",
                    "$min_durability": 0.89,
                    "$max_durability": 0.9
                }
            },
            {
                "90@durability_text": {
                    "$Nova_Client_durability_text": "90",
                    "$min_durability": 0.9,
                    "$max_durability": 0.91
                }
            },
            {
                "91@durability_text": {
                    "$Nova_Client_durability_text": "91",
                    "$min_durability": 0.91,
                    "$max_durability": 0.92
                }
            },
            {
                "92@durability_text": {
                    "$Nova_Client_durability_text": "92",
                    "$min_durability": 0.92,
                    "$max_durability": 0.93
                }
            },
            {
                "93@durability_text": {
                    "$Nova_Client_durability_text": "93",
                    "$min_durability": 0.93,
                    "$max_durability": 0.94
                }
            },
            {
                "94@durability_text": {
                    "$Nova_Client_durability_text": "94",
                    "$min_durability": 0.94,
                    "$max_durability": 0.95
                }
            },
            {
                "95@durability_text": {
                    "$Nova_Client_durability_text": "95",
                    "$min_durability": 0.95,
                    "$max_durability": 0.96
                }
            },
            {
                "96@durability_text": {
                    "$Nova_Client_durability_text": "96",
                    "$min_durability": 0.96,
                    "$max_durability": 0.97
                }
            },
            {
                "97@durability_text": {
                    "$Nova_Client_durability_text": "97",
                    "$min_durability": 0.97,
                    "$max_durability": 0.98
                }
            },
            {
                "98@durability_text": {
                    "$Nova_Client_durability_text": "98",
                    "$min_durability": 0.98,
                    "$max_durability": 0.99
                }
            },
            {
                "99@durability_text": {
                    "$Nova_Client_durability_text": "99",
                    "$min_durability": 0.99,
                    "$max_durability": 1
                }
            },
            {
                "100@durability_text": {
                    "$Nova_Client_durability_text": "100",
                    "$min_durability": 1,
                    "$max_durability": 1.01
                }
            }
        ]
    },
    "main_hand_slot": {
        "type": "panel",
        "offset": [
            121,
            -12
        ],
        "anchor_to": "bottom_middle",
        "anchor_from": "bottom_middle",
        "layer": 9999999999999,
        "size": [
            22,
            22
        ],
        "bindings": [
            {
                "binding_type": "view",
                "source_control_name": "main_hand",
                "source_property_name": "#toggle_state",
                "target_property_name": "#visible"
            }
        ],
        "controls": [
            {
                "main_hand_slot_base@main_hand_slot_base": {}
            }
        ]
    },
    "main_hand_slot_base": {
        "type": "grid",
        "grid_item_template": "Nova_Client_mainhand.hotbar_gird_items",
        "grid_dimension_binding": "#hotbar_grid_dimensions",
        "collection_name": "hotbar_items",
        "size": [
            "100%cm",
            "100%cm"
        ],
        "bindings": [
            {
                "binding_type": "view",
                "source_control_name": "main_hand",
                "source_property_name": "#toggle_state",
                "target_property_name": "#visible"
            },
            {
                "binding_name": "#hotbar_grid_dimensions",
                "binding_type": "global"
            }
        ]
    },
    "hotbar_gird_items": {
        "type": "panel",
        "layer": 1,
        "anchor_to": "center",
        "anchor_from": "center",
        "size": [
            22,
            22
        ],
        "bindings": [
            {
                "binding_name": "#slot_selected",
                "binding_name_override": "#visible",
                "binding_type": "collection",
                "binding_collection_name": "hotbar_items"
            }
        ],
        "controls": [
            {
                "maindhand_slot_panel": {
                    "type": "panel",
                    "size": [
                        22,
                        22
                    ],
                    "controls": [
                        {
                            "hotbar_potion_icon": {
                                "type": "panel",
                                "bindings": [
                                    {
                                        "binding_type": "view",
                                        "source_control_name": "shiny_pots",
                                        "source_property_name": "#toggle_state",
                                        "target_property_name": "#visible"
                                    }
                                ],
                                "controls": [
                                    {

                                        "shiny_potion_1": {
                                            "type": "image",
                                            "texture": ".NC/textures/modules/mainhand/glint",
                                            "layer": 500,
                                            "size": [
                                                16,
                                                16
                                            ],
                                            "alpha": 0.32,
                                            "offset": [
                                                0,
                                                0
                                            ],
                                            "bindings": [
                                                {
                                                    "binding_name": "#item_id_aux",
                                                    "binding_type": "collection",
                                                    "binding_collection_name": "hotbar_items"
                                                },
                                                {
                                                    "binding_type": "view",
                                                    "source_property_name": "((#item_id_aux = 27918341) or ((#item_id_aux > 27918341) and (#item_id_aux < 27918379)))",
                                                    "target_property_name": "#visible"
                                                }
                                            ]
                                        }
                                    },
                                    {
                                        "shiny_potion_2": {
                                            "type": "image",
                                            "texture": ".NC/textures/modules/mainhand/glint",
                                            "layer": 500,
                                            "size": [
                                                16,
                                                16
                                            ],
                                            "alpha": 0.32,
                                            "offset": [
                                                0,
                                                0
                                            ],
                                            "bindings": [
                                                {
                                                    "binding_name": "#item_id_aux",
                                                    "binding_type": "collection",
                                                    "binding_collection_name": "hotbar_items"
                                                },
                                                {
                                                    "binding_type": "view",
                                                    "source_property_name": "(((#item_id_aux > 36765698) and (#item_id_aux < 36765739)) or ((#item_id_aux > 36831234) and (#item_id_aux < 36831275)))",
                                                    "target_property_name": "#visible"
                                                }
                                            ]
                                        }
                                    }
                                ]
                            }
                        },
                        {
                            "cooldown_renderer": {
                                "type": "custom",
                                "renderer": "hotbar_cooldown_renderer",
                                "size": [
                                    20,
                                    20
                                ],
                                "layer": 9,
                                "bindings": [
                                    {
                                        "binding_collection_name": "hotbar_items",
                                        "binding_type": "collection_details"
                                    }
                                ]
                            }
                        },
                        {
                            "stack_count_label": {
                                "type": "label",
                                "color": "$item_stack_count_color",
                                "offset": [
                                    -1,
                                    -0.5
                                ],
                                "anchor_to": "bottom_right",
                                "anchor_from": "bottom_right",
                                "layer": 7,
                                "shadow": true,
                                "text": "#inventory_stack_count",
                                "max_size": [
                                    22,
                                    22
                                ],
                                "bindings": [
                                    {
                                        "binding_name": "#inventory_stack_count",
                                        "binding_type": "collection",
                                        "binding_collection_name": "hotbar_items"
                                    },
                                    {
                                        "binding_name": "#stack_count_visible",
                                        "binding_name_override": "#visible",
                                        "binding_type": "collection",
                                        "binding_collection_name": "#hotbar_items"
                                    }
                                ]
                            }
                        },
                        {
                            "durability_bar": {
                                "type": "custom",
                                "renderer": "progress_bar_renderer",
                                "layer": 10,
                                "offset": [
                                    0,
                                    5
                                ],
                                "size": [
                                    12,
                                    1
                                ],
                                "property_bag": {
                                    "is_durability": true,
                                    "round_value": true
                                },
                                "bindings": [
                                    {
                                        "binding_name": "#item_durability_visible",
                                        "binding_name_override": "#progress_bar_visible",
                                        "binding_type": "collection",
                                        "binding_collection_name": "hotbar_items"
                                    },
                                    {
                                        "binding_name": "#item_durability_total_amount",
                                        "binding_name_override": "#progress_bar_total_amount",
                                        "binding_type": "collection",
                                        "binding_collection_name": "hotbar_items"
                                    },
                                    {
                                        "binding_name": "#item_durability_current_amount",
                                        "binding_name_override": "#progress_bar_current_amount",
                                        "binding_type": "collection",
                                        "binding_collection_name": "hotbar_items"
                                    }
                                ]
                            }
                        },
                        {
                            "item_renderer": {
                                "type": "custom",
                                "renderer": "inventory_item_renderer",
                                "layer": 5,
                                "size": [
                                    16,
                                    16
                                ],
                                "bindings": [
                                    {
                                        "binding_type": "collection_details",
                                        "binding_collection_name": "hotbar_items"
                                    },
                                    {
                                        "binding_name": "#item_id_aux",
                                        "binding_type": "collection",
                                        "binding_collection_name": "hotbar_items"
                                    },
                                    {
                                        "binding_name": "#charged_item",
                                        "binding_type": "collection",
                                        "binding_collection_name": "hotbar_items"
                                    },
                                    {
                                        "binding_name": "#item_custom_color",
                                        "binding_type": "collection",
                                        "binding_collection_name": "hotbar_items"
                                    },
                                    {
                                        "binding_name": "#banner_patterns",
                                        "binding_condition": "visible",
                                        "binding_type": "collection"
                                    },
                                    {
                                        "binding_name": "#banner_colors",
                                        "binding_condition": "visible",
                                        "binding_type": "collection"
                                    },
                                    {
                                        "binding_name": "#banner_type",
                                        "binding_condition": "visible",
                                        "binding_type": "collection"
                                    },
                                    {
                                        "binding_type": "collection",
                                        "binding_name": "#show_item",
                                        "binding_name_override": "#visible",
                                        "binding_collection_name": "hotbar_items"
                                    },
                                    {
                                        "binding_name": "#inactive_item",
                                        "binding_type": "collection",
                                        "binding_collection_name": "hotbar_items",
                                        "binding_name_override": "#disabled_filter_visible"
                                    },
                                    {
                                        "binding_name": "#shield_is_active",
                                        "binding_type": "collection"
                                    },
                                    {
                                        "binding_name": "#item_lodestone_tracking_handle",
                                        "binding_condition": "visible",
                                        "binding_type": "collection"
                                    }
                                ],
                                "controls": [
                                    {
                                        "slot_image": {
                                            "type": "image",
                                            "texture": ".NC/textures/modules/mainhand/slot",
                                            "size": [
                                                22,
                                                22
                                            ],
                                            "layer": -5,
                                            "bindings": [
                                                {
                                                    "binding_name": "#item_id_aux",
                                                    "binding_type": "collection",
                                                    "binding_collection_name": "hotbar_items"
                                                },
                                                {
                                                    "binding_type": "view",
                                                    "source_property_name": "(not (#item_id_aux = -1))",
                                                    "target_property_name": "#visible"
                                                }
                                            ]
                                        }
                                    }
                                ]
                            }
                        }
                    ]
                }
            }
        ]
    }
}