{
    "namespace": "Nova_Client_hud_buttons",
    "f1_button@Nova_client_button.ore_ui_button":{
        "$pressed_button_name":"button.hide_gui_all",
        "$button_text":"F1",
        "$focus_override_right":"FOCUS_OVERRIDE_STOP",
        "prevent_touch_input": true,
        "anchor_from":"top_middle",
        "anchor_to":"top_middle",
        "offset":[
            40,
            0
        ],
        "size":[
            20,
            20
        ]
    },
    "content": {
        "type": "panel",
        "controls": [
           {
              "f1@Nova_Client_hud_buttons.f1_button": {}
           }
        ]
     }
}