{
    "namespace": "Nova_Client_player_list",
    "content": {
      "type": "button",
      "size": [ "100%", "100%" ],
      "default_control": "default",
      "hover_control": "hover",
      "pressed_control": "pressed",
      "button_mappings": [
        {
          "from_button_id": "button.scoreboard",
          "to_button_id": "button.dummy",
          "mapping_type": "global"
        }
      ],
      "controls": [
        {
          "default": {
            "type": "input_panel",
            "button_mappings": [
              {
                "from_button_id": "button.inventory_left",
                "to_button_id": "button.hotbar_inventory_left",
                "mapping_type": "global"
              },
              {
                "from_button_id": "button.inventory_right",
                "to_button_id": "button.hotbar_inventory_right",
                "mapping_type": "global"
              }
            ]
          }
        },
        {
          "hover": {
            "type": "input_panel",
            "button_mappings": [
              {
                "from_button_id": "button.inventory_left",
                "to_button_id": "button.hotbar_inventory_left",
                "mapping_type": "global"
              },
              {
                "from_button_id": "button.inventory_right",
                "to_button_id": "button.hotbar_inventory_right",
                "mapping_type": "global"
              }
            ]
          }
        },
        {
          "pressed": {
            "type": "panel",
            "anchor_from": "top_middle",
            "anchor_to": "top_middle",
            "size": [ 180, "100% - 84px" ],
            "offset": [ 0, 23 ],
            "layer": 50,
            "controls": [
              {
                "player_list_listing": {
                  "type": "image",
                  "size": [ "100%", "100%" ],
                  "texture": "textures/ui/White",
                  "layer": 10,
                  "alpha": 0.7,
                  "color": [ 0, 0, 0 ],
                  "anchor_from": "top_middle",
                  "anchor_to": "top_middle",
                  "controls": [
                    {
                      "player_count": {
                        "type": "image",
                        "anchor_from": "top_middle",
                        "anchor_to": "top_middle",
                        "size": [ "100%", 12 ],
                        "clips_children": true,
                        "texture": "textures/ui/White",
                        "color": [ 0, 0, 0 ],
                        "alpha": 0.3,
                        "controls": [
                          {
                            "players_grid_count": {
                              "type": "grid",
                              "size": [ "100%", "default" ],
                              "grid_item_template": "Nova_Client_player_list.player_count_label",
                              "grid_dimension_binding": "#players_grid_dimension",
                              "collection_name": "players_collection",
                              "anchor_to": "bottom_left",
                              "anchor_from": "bottom_left",
                              "bindings": [
                                {
                                  "binding_name": "#players_grid_dimension",
                                  "binding_condition": "always"
                                }
                              ]
                            }
                          }
                        ]
                      }
                    },
                    {
                      "player_list_scrolling_panel@common.scrolling_panel": {
                        "anchor_from": "bottom_middle",
                        "anchor_to": "bottom_middle",
                        "size": [ "100%", "100% - 16px" ],
                        "$show_background": false,
                        "$scrolling_content": "Nova_Client_player_list.player_grid",
                        "$always_handle_scrolling": true
                      }                
                    }
                  ],
                  "bindings": [
                    {
                      "binding_name": "#hud_visible",
                      "binding_name_override": "#visible",
                      "binding_type": "global"
                    }
                  ]
                }
              }
            ]
          }
        }
      ]
    },
    "player_count_label": {
      "type": "panel",
      "size": [ "100%", 12 ],
      "controls": [
        {
          "glyph_inventory": {
            "type": "image",
            "offset": [ 2, 0 ],
            "size": [ 5, 5 ],
            "anchor_from": "left_middle",
            "anchor_to": "left_middle",
            "texture": "textures/ui/glyph_inventory"
          }
        },
        {
          "label": {
            "type": "label",
            "size": [ "100% - 9px", 10 ],
            "text": "#text",
            "anchor_from": "right_middle",
            "anchor_to": "right_middle",
            "bindings": [
              {
                "binding_type": "collection_details",
                "binding_collection_name": "players_collection"
              },
              {
                "binding_type": "collection",
                "binding_collection_name": "players_collection",
                "binding_name": "#collection_index"
              },
              {
                "binding_type": "view",
                "source_property_name": "('§z' + (#collection_index + 1) + '§z')",
                "target_property_name": "#text"
              }
            ]
          }
        }
      ]
    },
    "player_list_label": {
      "type": "stack_panel",
      "size": [ 200, 12 ],
      "orientation": "horizontal",
      "controls": [
        {
          "padding_1": {
            "type": "panel",
            "size": [ 2, 0 ]
          }
        },
        {
          "player_avatar": {
            "type": "image",
            "texture": "#texture",
            "size": [ 10, 10 ],
            "texture_file_system": "#texture_source",
            "anchor_from": "top_left",
            "anchor_to": "top_left",
            "bindings": [
              {
                "binding_name": "#texture",
                "binding_type": "collection",
                "binding_collection_name": "players_collection"
              },
              {
                "binding_name": "#texture_source",
                "binding_name_override": "#texture_file_system",
                "binding_type": "collection",
                "binding_collection_name": "players_collection"
              },
              {
                "binding_name": "#gamerpic_visible",
                "binding_type": "collection",
                "binding_collection_name": "players_collection",
                "binding_name_override": "#visible"
              }
            ]
          }
        },
        {
          "player_avatar_switchonline": {
            "type": "image",
            "texture": "textures/ui/lan_icon",
            "size": [ 10, 10 ],
            "anchor_from": "top_left",
            "anchor_to": "top_left",
            "bindings": [
              {
                "binding_name": "(not #gamerpic_visible)",
                "binding_type": "collection",
                "binding_collection_name": "players_collection",
                "binding_name_override": "#visible"
              }
            ]
          }
        },
        {
          "padding_2": {
            "type": "panel",
            "size": [ 3, 0 ]
          }
        },
        {
          "player_name": {
            "type": "label",
            "text": "#gamertag",
            "size": [ "fill", 10 ],
            "bindings": [
              {
                "binding_name": "#gamertag",
                "binding_type": "collection",
                "binding_collection_name": "players_collection"
              }
            ]
          }
        },
        {
         "playerlist_special_ranks": {
            "type": "panel",
            "size": [
               "100% - 22px",
               10
            ],
            "$special_rank1": "Flexyus 3000 [§6Nova §fClient]",
            "$Nova_Client_find_gamertag1": "Flexyus 3000",
            "controls": [
               {
                  "setup@Nova_Client_player_list.playerlist_gamertag": {
                     "$binding": "(#gamertag - $Nova_Client_find_gamertag1)",
                     "$Nova_Client_gamertag": "#text",
                     "$target_property_name": "#text",
                     "layer": 1
                  }
               },
               {
                  "test@Nova_Client_player_list.playerlist_gamertag": {
                     "$binding": "(#gamertag = $Nova_Client_find_gamertag1)",
                     "$Nova_Client_gamertag": "$special_rank1"
                  }
               }
            ]
         }
      }
      ]
    },
    "player_grid": {
      "type": "grid",
      "size": [ "100%", "100%c" ],
      "grid_item_template": "Nova_Client_player_list.player_list_label",
      "grid_dimension_binding": "#players_grid_dimension",
      "collection_name": "players_collection",
      "anchor_to": "top_left",
      "anchor_from": "top_left",
      "bindings": [
        {
          "binding_name": "#players_grid_dimension"
        }
      ]
    },
    "playerlist_gamertag": {
       "type": "label",
       "$binding|default": "",
       "text": "$Nova_Client_gamertag",
       "text_alignment": "center",
       "$target_property_name|default": "#visible",
       "layer": 2,
       "size": [
          "100%",
          10
       ],
       "bindings": [
          {
             "binding_collection_name": "players_collection",
             "binding_name": "#gamertag",
             "binding_type": "collection"
          },
          {
             "binding_type": "view",
             "source_property_name": "$binding",
             "target_property_name": "$target_property_name"
          }
       ]
    }
 }