{
  "namespace": "Nova_client_modules_menu",
  "modules_menu_button": {
    "type": "panel",
    "size": [
      150,
      "100%"
    ],
    "anchor_from": "top_left",
    "anchor_to": "top_left",
    "controls": [
      {
        "open_modules@Nova_client_invisible_toggle.tab_toggles": {
          "size": [
            112.5,
            25
          ],
          "offset": [
            -68,
            90
          ],
          "layer": 8,
          "$toggle_view_binding_name": "modules_menu_toggle",
          "$button_text": ""
        }
      }
    ]
  },
  "modules_menu": {
    "type": "image",
    "texture": ".NC/textures/background/simple_bg",
    "alpha": 0,
    "layer": 4,
    "size": [
      320,
      320
    ],
    "bindings": [
      {
          "binding_type": "view",
          "source_control_name": "modules_menu_toggle",
          "source_property_name": "#toggle_state",
          "target_property_name": "#visible"
      }
  ],
    "controls": [
      {
      }
    ]
  },
  "content": {
    "type": "panel",
    "controls": [
      {
        "modules_menu_button@Nova_client_modules_menu.modules_menu_button": {}
      },
      {
        "modules_menu@Nova_client_modules_menu.modules_menu": {}
      }
    ]
  }
}