{
    "format_version": "1.8.0",
    "render_controllers": {
        "controller.render.invis": {
            "geometry": "geometry.invis",
            "materials": [
                {
                    "*": "material.default"
                }
            ],
            "textures": [
                "temp.target_hud_distance = query.distance_from_camera; temp.target_hud_player_health = query.health; return Texture.invis;"
            ],
            "is_hurt_color": {},
            "on_fire_color": {},
            "filter_lighting": true,
            "ignore_lighting": true
        },
        "controller.render.target_hud_distance": {
            "geometry": "geometry.target_hud_distance_number",
            "materials": [
                {
                    "*": "Material.render_method"
                }
            ],
            "textures": [
                "Texture.invis",
                "array.Nova_Client2[temp.target_hud_distance]",
                "array.Nova_Client1[temp.target_hud_distance/10]"
            ],
            "filter_lighting": true,
            "ignore_lighting": true,
            "light_color_multiplier": 1.25,
            "arrays": {
                "textures": {
                    "array.Nova_Client1": [
                        "Texture.Nova_Client1_number0",
                        "Texture.Nova_Client1_number1",
                        "Texture.Nova_Client1_number2",
                        "Texture.Nova_Client1_number3",
                        "Texture.Nova_Client1_number4",
                        "Texture.Nova_Client1_number5",
                        "Texture.Nova_Client1_number6",
                        "Texture.Nova_Client1_number7",
                        "Texture.Nova_Client1_number8",
                        "Texture.Nova_Client1_number9"
                    ],
                    "array.Nova_Client2": [
                        "Texture.Nova_Client2_number0",
                        "Texture.Nova_Client2_number1",
                        "Texture.Nova_Client2_number2",
                        "Texture.Nova_Client2_number3",
                        "Texture.Nova_Client2_number4",
                        "Texture.Nova_Client2_number5",
                        "Texture.Nova_Client2_number6",
                        "Texture.Nova_Client2_number7",
                        "Texture.Nova_Client2_number8",
                        "Texture.Nova_Client2_number9"
                    ]
                }
            },
            "is_hurt_color": {},
            "on_fire_color": {}
        },
        "controller.render.target_hud_health": {
            "geometry": "geometry.target_hud_health_number",
            "materials": [
                {
                    "*": "Material.render_method"
                }
            ],
            "textures": [
                "Texture.invis",
                "array.Nova_Client2[temp.target_hud_player_health]",
                "array.Nova_Client1[temp.target_hud_player_health/10]"
            ],
            "filter_lighting": true,
            "ignore_lighting": true,
            "light_color_multiplier": 1.25,
            "arrays": {
                "textures": {
                    "array.Nova_Client1": [
                        "Texture.Nova_Client1_number0",
                        "Texture.Nova_Client1_number1",
                        "Texture.Nova_Client1_number2",
                        "Texture.Nova_Client1_number3",
                        "Texture.Nova_Client1_number4",
                        "Texture.Nova_Client1_number5",
                        "Texture.Nova_Client1_number6",
                        "Texture.Nova_Client1_number7",
                        "Texture.Nova_Client1_number8",
                        "Texture.Nova_Client1_number9"
                    ],
                    "array.Nova_Client2": [
                        "Texture.Nova_Client2_number0",
                        "Texture.Nova_Client2_number1",
                        "Texture.Nova_Client2_number2",
                        "Texture.Nova_Client2_number3",
                        "Texture.Nova_Client2_number4",
                        "Texture.Nova_Client2_number5",
                        "Texture.Nova_Client2_number6",
                        "Texture.Nova_Client2_number7",
                        "Texture.Nova_Client2_number8",
                        "Texture.Nova_Client2_number9"
                    ]
                }
            },
            "is_hurt_color": {},
            "on_fire_color": {}
        }
    }
}