{
  "namespace": "Nova_client_emote_screen",
  "content": {
      "size": [
          "100%",
          "100%"
      ],
      "type": "panel",
      "layer": 20,
      "controls": [
          {
              "buttons@Nova_client_emote_screen.main": {}
          },
          {
              "panel_emote@persona.emote_default": {}
          }
      ]
  },
  "main": {
      "type": "image",
      "texture": ".NC/textures/background/simple_bg",
      "anchor_from": "top_left",
      "anchor_to": "top_left",
      "size": [
          150,
          "100%"
      ],
      "controls": [
          {
              "title": {
                  "type": "image",
                  "texture": "textures/ui/title",
                  "layer": 1,
                  "offset": [
                      0,
                      -100
                  ],
                  "size": [
                      135,
                      50
                  ]
              }
          },
          {
            "rebind@Nova_client_button.ore_ui_button": {
                "size": [
                    110,
                    20
                ],
                "offset": [
                    0,
                    0
                ],
                "$pressed_button_name": "button.rebind_emote",
                "$button_text": "emotes.change_emotes"
            }
        },
        {
            "exit@Nova_client_button.red_button": {
                "size": [
                    110,
                    20
                ],
                "offset": [
                    0,
                    25
                ],
                "$pressed_button_name": "button.menu_exit",
                "$button_text": "gui.exit"
            }
        }
      ]
  }
}