{
   "namespace": "Nova_Client_dialog",
   "black_bg": {
      "type": "image",
      "texture": "textures/ui/Black",
      "anchor_from": "center",
      "anchor_to": "center",
      "size": [
         152,
         302
      ],
      "layer": 10
   },
   "black": {
      "type": "image",
      "texture": "textures/ui/Black",
      "alpha": 0.5,
      "layer": 0,
      "size": [
        "100%",
        "100%"
      ]
   },
   "basic_dialog_screen": {
      "type": "panel",
      "anchor_from": "center",
      "anchor_to": "center",
      "size": [
         150,
         300
      ],
      "layer": 11,
      "controls": [
         {
            "grey_image": {
               "type": "image",
               "texture": ".NC/textures/background/pop_up/grey",
               "layer": 11,
               "size": [
                  "100%",
                  "100%"
               ],
               "controls": [
                  {
                     "title_image": {
                        "type": "image",
                        "texture": ".NC/textures/background/pop_up/title",
                        "layer": 12,
                        "size": [
                           "100%",
                           20
                        ],
                        "offset": [
                           0,
                           -140
                        ],
                        "controls": [
                           {
                              "header_label": {
                                 "type": "label",
                                 "text": "$header_label",
                                 "font_type": "MinecraftTen",
                                 "text_alignment": "center",
                                 "anchor_from": "center",
                                 "anchor_to": "center",
                                 "offset": [
                                    0,
                                    5
                                 ],
                                 "size": [
                                    "default",
                                    18
                                 ]
                              }
                           }
                        ]
                     }
                  },
                  {
                     "hbui_image": {
                        "type": "image",
                        "texture": "$InAppPackage_texture",
                        "texture_file_system": "InAppPackage",
                        "layer": 12,
                        "size": [
                           130,
                           65
                        ],
                        "offset": [
                           0,
                           -65
                        ]
                     }
                  },
                  {
                     "text": {
                        "type": "label",
                        "text": "$dialog_text",
                        "size": [130, "default"],
                        "offset": [0,20],
                        "layer0": 12
                     }
                  },
                  {
                     "settings_button@Nova_client_button.red_button": {
                        "layer": 12,
                        "size": [
                           "100%",
                           25
                        ],
                        "offset": [
                           0,
                           138.5
                        ],
                        "$font_type": "MinecraftTen",
                        "$pressed_button_name": "button.menu_settings",
                        "$button_text": "menu.settings"
                     }
                  }
               ]
            }
         }
      ]
   },
   "content": {
      "type": "panel",
      "controls": [
         {
            "background@Nova_Client_dialog.black_bg": {}
         },
         {
            "background_alpha@Nova_Client_dialog.black": {}
         },
         {
            "screen@Nova_Client_dialog.basic_dialog_screen": {}
         }
      ]
   }
}