{
   "namespace": "Nova_client_start",
   "play_and_title": {
     "type": "panel",
     "size": [
       "100%",
       "100%"
     ],
     "layer": 0,
     "controls": [
       {
         "title": {
           "type": "image",
           "texture": "textures/ui/title",
           "layer": 1,
           "anchor_from": "top_middle",
           "anchor_to": "top_middle",
           "offset": [
             0,
             50
           ],
           "size": [
             275,
             50
           ]
         }
       },
       {
         "black": {
           "type": "image",
           "texture": "textures/ui/Black",
           "alpha": 0.5,
           "layer": 0,
           "size": [
             "100%",
             "100%"
           ]
         }
       },
       {
         "play_button@Nova_client_button.green_button": {
            "size": [
               250,
               35
            ],
            "offset": [
               0,
               -35
            ],
            "$pressed_button_name": "button.menu_play",
            "$button_text": "menu.play"
         }
      },
      {
         "settings_button@Nova_client_button.ore_ui_button": {
            "size": [
               250,
               25
            ],
            "offset": [
               0,
               0
            ],
            "$pressed_button_name": "button.menu_settings",
            "$button_text": "menu.settings"
         }
      },
      {
         "skins_button@Nova_client_button.ore_ui_button": {
            "size": [
               250,
               25
            ],
            "offset": [
               0,
               30
            ],
            "$pressed_button_name": "button.to_profile_screen",
            "$button_text": "profileScreen.header"
         }
      },
      {
         "achievements_button@Nova_client_button.ore_ui_button": {
            "size": [
               250,
               25
            ],
            "offset": [
               0,
               60
            ],
            "$pressed_button_name": "button.menu_achievements",
            "$button_text": "menu.achievements"
         }
      },
      {
         "quit_button@Nova_client_button.red_button": {
            "size": [
               112.5,
               25
            ],
            "offset": [
               -68,
               90
            ],
            "$pressed_button_name": "button.menu_exit",
            "$button_text": "menu.quit"
         }
      },
      {
         "open_sidebar@Nova_client_toggles.Nova_client_toggle": {
            "size": [
               112.5,
               25
            ],
            "offset": [
               68,
               90
            ],
            "$toggle_view_binding_name": "toggle_sidebar",
            "$button_text": "More"
         }
      }
     ]
   },
   "sidebar": {
       "type": "image",
       "texture": ".NC/textures/background/simple_bg",
       "size": [
          150,
          "100%"
       ],
       "anchor_from": "top_right",
       "anchor_to": "top_right",
       "bindings": [
          {
             "binding_type": "view",
             "source_control_name": "toggle_sidebar",
             "source_property_name": "#toggle_state",
             "target_property_name": "#visible"
          }
       ],
       "controls": [
          {
             "store_button@Nova_client_button.ore_ui_button": {
                "size": [
                   110,
                   20
                ],
                "offset": [
                   0,
                   -25
                ],
                "$pressed_button_name": "button.menu_store",
                "$button_text": "menu.store"
             }
          },
          {
             "feedback_button@Nova_client_button.ore_ui_button": {
                "size": [
                   110,
                   20
                ],
                "offset": [
                   0,
                   0
                ],
                "$pressed_button_name": "button.menu_open_uri",
                "$button_text": "Feedback",
                "$hover_text": "Hover Text",
                "property_bag": {
                   "#hyperlink": "https://aka.ms/minecraftfb"
                },
                "bindings": [
                   {
                     "binding_type": "collection_details",
                     "binding_collection_name": "players_collection"
                   }
                ]
             }
          },
          {
           "invites_button@Nova_client_button.ore_ui_button": {
             "$is_invite_button": true,
              "size": [
                 110,
                 20
              ],
              "offset": [
                 0,
                 25
              ],
              "$pressed_button_name": "button.menu_invite_notification",
              "$button_text": "realmsInvitationScreen.shareTitle",
              "bindings": [
               {
                  "binding_name": "(not #sign_in_visible)",
                  "binding_name_override": "#visible"
               }
            ]
           }
          },
          {
             "account_button@Nova_client_button.ore_ui_button": {
                "size": [
                   110,
                   20
                ],
                "offset": [
                   0,
                   50
                ],
                "$pressed_button_name": "button.menu_open_uri",
                "$button_text": "options.manageAccount",
                "property_bag": {
                   "#hyperlink": "https://account.xbox.com/Settings"
                },
                "bindings": [
                   {
                      "binding_name": "(not #sign_in_visible)",
                      "binding_name_override": "#visible"
                   }
                ]
             }
          }
       ]
    },
    "version": {
      "type": "label",
      "text": "#text",
      "anchor_from": "bottom_middle",
      "anchor_to": "bottom_middle",
      "font_type": "smooth",
      "size": [
          "default",
          20
      ],
      "max_size": [
          "100%",
          "100%"
      ],
      "offset": [
          0,
          0
      ],
      "bindings": [
          {
              "binding_name": "#version"
          },
          {
              "binding_type": "view",
              "source_property_name": "('§6Nova §fClient §cVersion 1§r  |' + '  Minecraft ' + #version)",
              "target_property_name": "#text"
          }
      ]
  },
   "content": {
     "type": "panel",
     "controls": [
       {
         "play_and_title@Nova_client_start.play_and_title": {
          "bindings": [
             {
               "binding_name": "#version"
             },
             {
               "binding_type": "view",
               "source_property_name": "(#version - ('v1.20.60')) = not #version",
               "target_property_name": "#visible"
             }
           ]
         }
       },
       {
         "sidebar_start_screen@Nova_client_start.sidebar": {}
       },
       {
         "version@Nova_client_start.version": {}
       },
       {
          "dialog@Nova_Client_dialog.content": {
            "$header_label": "Version outdated",
            "$InAppPackage_texture": "gui/dist/hbui/assets/Its a sign-955a5",
            "$dialog_text": "Your version seems to be outdated. Please join our discord and download the latest version, or deactivate Nova Client in the settings.\n\n\n§9Discord:§r\ndiscord.gg/36uhNkCUcd",
             "bindings": [
                {
                    "binding_name": "#version"
                },
                {
                "binding_type": "view",
                "source_property_name": "((#version - ('v1.20.60') = #version) or (#version = '')",
                "target_property_name": "#visible"
                }
            ]
          }
       }
     ]
   },
   "full_screen": {
     "type": "panel",
     "controls": []
   }
 }