{
    "namespace": "Nova_Client_keystrokes",
    "content": {
        "type": "panel",
        "controls":[
          {
            "keystrokes": {
                "type": "custom",
                "renderer": "live_player_renderer",
                "size": [
                    47,
                    31
                ],
                "offset": [
                    -31,
                    -775
                ],
                "anchor_from": "bottom_right",
                "anchor_to": "bottom_right",
                "bindings": [
                    {
                        "binding_name": "#hud_visible",
                        "binding_name_override": "#visible",
                        "binding_type": "global"
                    }
                ]
            }
        },
        {
            "rotation": {
                "type": "custom",
                "renderer": "paper_doll_renderer",
                "size": [
                    55,
                    55
                ],
                "offset": [0, 3000]
            }
        }
        ]
      }
  }