{
    "namespace": "Nova_Client_target_hud",
    "content": {
        "type": "image",
        "texture": "textures/ui/hud_tip_text_background",
        "size": [
            80,
            40
        ],
        "offset": [
            5,
            5
        ],
        "alpha": 0.6,
        "anchor_from": "top_left",
        "anchor_to": "top_left",
        "bindings": [
            {
              "binding_type": "view",
              "source_control_name": "target_hud",
              "source_property_name": "(not #toggle_state)",
              "target_property_name": "#visible"
            }
          ],
        "controls": [
            {
                "target_hud_content": {
                    "type": "custom",
                    "renderer": "paper_doll_renderer",
                    "size": [
                        41,
                        41
                    ],
                    "offset": [
                        40,
                        1950
                    ],
                    "layer": 2,
                    "anchor_from": "top_left",
                    "anchor_to": "top_left"
                }
            },
            {
                "text": {
                    "type": "panel",
                    "layer": 2,
                    "controls": [
                        {
                            "text2": {
                                "type": "label",
                                "text": "Distance:",
                                "offset": [
                                    5,
                                    -7
                                ],
                                "anchor_from": "left_middle",
                                "anchor_to": "left_middle"
                            }
                        },
                        {
                            "text2": {
                                "type": "label",
                                "text": "Hearts:",
                                "offset": [
                                    5,
                                    7
                                ],
                                "anchor_from": "left_middle",
                                "anchor_to": "left_middle"
                            }
                        }
                    ]
                }
            }
        ]
    }
}