{
    "namespace": "Nova_Client_animations",
      "watermark_fade_out_wait": {
        "anim_type": "wait",
        "duration": 12.0,
        "next": "@animations.watermark_fade_out_alpha"
      },
      "watermark_fade_out_alpha": {
        "anim_type": "alpha",
        "easing": "in_out_quad",
        "duration": 1.0,
        "from": 1.0,
        "to": 0
      },
      "version_wait": {
        "anim_type": "wait",
        "duration": 5.0,
        "next": "@animations.version_offset"
      },
    
      "version_offset": {
        "anim_type": "offset",
        "easing": "in_out_back",
        "from": [ 0, -4 ],
        "to": [ 0, 3 ],
        "duration": 2
      }
}