{
    "namespace": "Nova_client_module_list",
    "content": {
        "type": "panel",
        "controls": [
            {
                "@Nova_Client_crosshair.content": {}
            },
            {
                "@Nova_Client_inventory_hud.content": {}
            },
            {
                "@Nova_Client_ip_display.content": {}
            },
            {
                "@Nova_Client_item_counters.content": {}
            },
            {
                "@Nova_Client_mainhand.content": {}
            },
            {
                "@Nova_Client_hud_buttons.content": {}
            },
            {
                "@Nova_Client_player_list.content": {}
            }
        ]
    }
}