{
    "format_version": "1.8.0",
    "animations": {
        "animation.player.target_hud": {
            "loop": true,
            "bones": {
                "distance": {
                    "position": [
                        0,
                        "(query.is_swimming ? -21.19 : 0) + 2007",
                        0
                    ],
                    "rotation": [
                        "(query.is_gliding ? -query.body_x_rotation + -90)",
                        "(query.is_riding ? query.target_y_rotation)",
                        0
                    ]
                },
                "health": {
                    "position": [
                        0,
                        "(query.is_swimming ? -21.19 : 0) + 1990",
                        0
                    ],
                    "rotation": [
                        "(query.is_gliding ? -query.body_x_rotation + -90)",
                        "(query.is_riding ? query.target_y_rotation)",
                        0
                    ]
                }
            }
        }
    }
}