{
   "namespace": "Nova_Client_progress_screen",
   "main_loading_panel": {
      "type": "image",
      "texture": "textures/ui/hud_tip_text_background",
      "anchor_from": "center",
      "anchor_to": "center",
      "layer": 0,
      "alpha": 0.5,
      "size": [
         150,
         150
      ],
      "controls": [
         {
            "pick_axe": {
               "type": "image",
               "layer": 1,
               "texture": "textures/ui/mine_chop_dig_animation",
               "size": [
                  50,
                  50
               ],
               "uv_size": [
                  10,
                  10
               ],
               "fps": 20,
               "uv": "@persona.pick_axe_animation",
               "color": [
                  1,
                  1,
                  1,
                  1
               ]
            }
         },
         {
            "@Nova_Client_progress_percentage.content": {
               "$percentage_visible|desfault": true,
               "visible": "$percentage_visible",
               "text_alignment": "center",
               "anchor_from": "center",
               "anchor_to": "center",
               "size": [
                  25,
                  "default"
               ],
               "offset": [
                  0,
                  105
               ]
            }
         }
      ]
   },
   "title": {
      "type": "image",
      "texture": "textures/ui/title",
      "layer": 1,
      "anchor_from": "top_middle",
      "anchor_to": "top_middle",
      "offset": [
         0,
         50
      ],
      "size": [
         275,
         50
      ]
   },
   "black": {
      "type": "image",
      "texture": "textures/ui/Black",
      "alpha": 0.5,
      "layer": -1,
      "size": [
        "100%",
        "100%"
      ]
    },
   "content": {
      "type": "panel",
      "controls": [
         {
            "main@Nova_Client_progress_screen.main_loading_panel": {}
         },
         {
            "title@Nova_Client_progress_screen.title": {}
         },
         {
            "black@Nova_Client_progress_screen.black": {}
         }
      ]
   }
}