{
    "namespace": "Nova_Client_background",
    "content": {
        "type": "image",
        "texture": "textures/ui/hud_tip_text_background",
        "offset": "$background_offset",
        "size": "$background_size",
        "alpha": "$background_alpha",
        "$background_alpha|default": 0.6,
        "$background_source_control_name|default": "",
        "bindings": [
            {
                "binding_type": "view",
                "source_control_name": "$background_source_control_name",
                "source_property_name": "(#slider_value / 10)",
                "target_property_name": "#alpha"
            }
        ],
        "controls": [
            {
                "underline@pl.underline": {
                    "bindings": [
                        {
                            "binding_type": "view",
                            "source_control_name": "$background_source_control_name",
                            "source_property_name": "(#slider_value / 10)",
                            "target_property_name": "#alpha"
                        }
                    ]
                }
            },
            {
                "custom_content@$custom_content": {}
            }
        ]
    }
}