{
    "namespace": "Nova_Client_ip_template",
    "content": {
      "type": "image",
      "texture": "textures/ui/hud_tip_text_background",
      "alpha": 0.5,
      "size": [
        "100%c + 6px",
        16
      ],
      "anchor_from": "bottom_right",
      "anchor_to": "bottom_right",
      "offset": [
        -10,
        -5
      ],
      "bindings": [
        {
          "binding_name": "#player_list_title"
        },
        {
          "binding_type": "view",
          "source_property_name": "$server_name",
          "target_property_name": "#visible"
        }
      ],
      "controls": [
        {
          "label": {
            "type": "label",
            "text": "$server_ip",
            "layer": 12,
            "ignored": "$world_name",
            "text_alignment": "left",
            "anchor_from": "center",
            "anchor_to": "center",
            "offset": [
              2,
              0
            ]
          }
        }
      ]
    }
  }