{
    "format_version": "1.12.0",
    "minecraft:geometry": [
        {
        "description": {
                "identifier": "geometry.chestplate",
                "texture_height": 16,
                "texture_width": 16,
                "visible_bounds_height": 1.5,
                "visible_bounds_offset": [
                    0,
                    0.25,
                    0
                ],
                "visible_bounds_width": 2
            },
            "bones": [
                {
                    "name": "chestplate",
                    "pivot": [
                        0,
                        0,
                        0
                    ]
                },
                {
                    "name": "hud",
                    "parent": "chestplate",
                    "pivot": [
                        0,
                        0,
                        0
                    ]
                },
                {
                    "cubes": [
                        {
                            "origin": [
                                0,
                                0,
                                0
                            ],
                            "size": [
                                16,
                                16,
                                0
                            ],
                            "uv": [
                                0,
                                0
                            ]
                        }
                    ],
                    "name": "chestplate_rotation",
                    "parent": "hud",
                    "pivot": [
                        0,
                        0,
                        0
                    ]
                }
            ]
        }
    ]
}