{
	"format_version": "1.12.0",
	"minecraft:geometry": [
		{
			"description": {
				"identifier": "geometry.key",
				"texture_width": 47,
				"texture_height": 31,
				"visible_bounds_width": 4,
				"visible_bounds_height": 3.5,
				"visible_bounds_offset": [0, 1.25, 0]
			},
			"bones": [
				{
					"name": "chyves",
					"pivot": [0, 0, 0],
					"cubes": [
						{
							"origin": [-23.5, -400, -1],
							"size": [47, 43, 0],
							"uv": {
								"north": {"uv": [0, 0], "uv_size": [47, 43]},
								"east": {"uv": [0, 0], "uv_size": [0, 0]},
								"south": {"uv": [0, 0], "uv_size": [0, 0]},
								"west": {"uv": [0, 0], "uv_size": [0, 0]},
								"up": {"uv": [0, 0], "uv_size": [0, 0]},
								"down": {"uv": [47, 0], "uv_size": [47, 0]}
							}
						}
					]
				}
			]
		}
	]
}