{
    "namespace": "Nova_client_module_list",
    "content": {
        "type": "panel",
        "controls": [
            {
                "@Nova_Client_armor_hud.content": {}
            },
            {
                "@Nova_Client_inventory_hud.content": {}
            },
            {
                "@Nova_Client_ip_display.content": {}
            },
            {
                "@Nova_Client_item_counters.content": {}
            },
            {
                "@Nova_Client_keystrokes.content": {}
            },
            {
                "@Nova_Client_mainhand.content": {}
            },
            {
                "@Nova_Client_hud_buttons.content": {
                    "bindings": [
                        {
                            "binding_condition": "always",
                            "binding_name": "#inventory_touch_button",
                            "binding_name_override": "#visible",
                            "binding_type": "global"
                        }
                    ]
                }
            },
            {
                "@Nova_Client_offhand.content": {}
            },
            {
                "@Nova_Client_player_list.content": {}
            },
            {
                "@Nova_Client_target_hud.content": {}
            }
        ]
    }
}