{
    "namespace": "Nova_client_textures",
      "invis": {
        "type": "image",
        "anchor_from": "center",
        "anchor_to": "center",
        "layer": -1,
        "alpha": 0,
        "fill": true,
        "offset": [
          0,
          0
        ],
        "texture": ".NC/textures/background/main",
        "size": [
          "100%",
          "100%"
        ]
      },
      "arrow": {
        "type": "image",
        "size": [
          18,
          18
        ],
        "texture": ".NC/textures/icons/arrow"
      },
      "quick_settings_icon":{
        "type":"image",
        "size":[
          18,
          18
        ],
        "texture":"textures/ui/icon_setting"
      },
      "sidebar_setting_icon":{
        "type":"image",
        "size":[
          18,
          18
        ],
        "texture":".NC/textures/setting/arrow_left"
      }
  }