{
	"settings_content/background": {
	   "visible": false
	},
	"dynamic_dialog_screen": {
	   "is_modal": false,
	   "low_frequency_rendering": true,
	   "render_game_behind": true,
	   "prevent_touch_input": true,
	   "absorbs_input": false,
	   "$screen_content": "settings_common.content",
	   "$v_ignored": "(not $is_pregame)"
	},
	"content": {
	   "type": "panel",
	   "anchor_from": "center",
	   "anchor_to": "center",
	   "size": [
		  "100%",
		  "100%"
	   ],
	   "controls": [
		  {
			 "new_settings_menu": {
				"type": "panel",
				"size": [
				   "100%",
				   "100%"
				],
				"anchor_to": "top_middle",
				"anchor_from": "top_middle",
				"controls": [
				   {
					  "panel_mods": {
						 "type": "image",
						 "anchor_from": "top_middle",
						 "anchor_to": "top_middle",
						 "texture": "textures/ui/Black",
						 "alpha": 0.5,
						 "size": [
							"100%",
							"100%"
						 ],
						 "bindings": [
							{
							   "binding_type": "view",
							   "source_control_name": "quick_setting",
							   "source_property_name": "(not #toggle_state)",
							   "target_property_name": "#visible"
							}
						 ],
						 "controls": [
							{
							   "content@settings_common.settings_content": {
								  "type": "input_panel",
								  "prevent_touch_input": true
							   }
							}
						 ]
					  }
				   },
				   {
					  "panel_quick_setting@common.button": {
						 "type": "panel",
						 "bindings": [
							{
							   "binding_type": "view",
							   "source_control_name": "quick_setting",
							   "source_property_name": "#toggle_state",
							   "target_property_name": "#visible"
							}
						 ],
						 "anchor_from": "top_right",
						 "anchor_to": "top_right",
						 "draggable": "both",
						 "controls": [
							{
							   "quick_settings": {
								  "type": "image",
								  "anchor_from": "top_right",
								  "anchor_to": "top_right",
								  "texture": "textures/ui/Black",
								  "alpha": 0.5,
								  "size": [
									 200,
									 130
								  ],
								  "controls": [
									 {
										"content@settings_common.scrolling_quick_setting": {}
									 }
								  ]
							   }
							}
						 ]
					  }
				   },
				   {
					  "header_bg": {
						 "type": "image",
						 "texture": ".NC/textures/buttons/common/button_default",
						 "anchor_from": "top_middle",
						 "anchor_to": "top_middle",
						 "size": [
							"100%",
							26
						 ],
						 "bindings": [
							{
							   "binding_type": "view",
							   "source_control_name": "quick_setting",
							   "source_property_name": "(not #toggle_state)",
							   "target_property_name": "#visible"
							}
						 ],
						 "controls": [
							{
							   "close@settings_common.close_settings": {}
							},
							{
							   "locator@settings_common.setting_section": {}
							}
						 ]
					  }
				   },
				   {
					  "f5_buttons": {
						 "type": "stack_panel",
						 "size": [
							"100%c",
							27
						 ],
						 "offset": [
							-65,
							0
						 ],
						 "anchor_from": "top_middle",
						 "anchor_to": "top_middle",
						 "orientation": "horizontal",
						 "controls": [
							{
							   "quick_settings_button@settings_common.quick_settings_button_content": {}
							},
							{
							   "camera_person_option@settings_common.camera_person_option": {}
							},
							{
								"quick_settings_sidebar@settings_common.settings_sidebar_button_content": {}
							}
						 ]
					  }
				   }
				]
			 }
		  }
	   ]
	},
	"settings_sidebar_button_content": {
	   "type": "input_panel",
	   "prevent_touch_input": true,
	   "size": [
		  20,
		  20
	   ],
	   "controls": [
		  {
			 "setting_sidebar_button@common_toggles.light_content_toggle": {
				"$toggle_name": "quick_setting",
				"$toggle_view_binding_name": "quick_setting",
				"size": [
				   20,
				   20
				],
				"offset": [
				   0,
				   13.5
				],
				"$button_content": "Nova_client_textures.sidebar_setting_icon",
				"anchor_from": "top_middle",
				"anchor_top": "top_middle"
			 }
		  }
	   ]
	},
	"quick_settings_button_content": {
	   "type": "input_panel",
	   "prevent_touch_input": true,
	   "size": [
		  21,
		  21
	   ],
	   "controls": [
		  {
			 "quick_settings_button@common_toggles.light_content_toggle": {
				"$toggle_name": "quick_setting",
				"$toggle_view_binding_name": "quick_setting",
				"size": [
				   20,
				   20
				],
				"offset": [
				   0,
				   13.5
				],
				"$button_content": "Nova_client_textures.quick_settings_icon",
				"anchor_from": "top_middle",
				"anchor_top": "top_middle"
			 }
		  }
	   ]
	},
	"camera_person_option": {
	   "type": "input_panel",
	   "prevent_touch_input": true,
	   "size": [
		  21,
		  21
	   ],
	   "controls": [
		  {
			 "third_front@settings_common.section_toggle_base": {
				"$toggle_name": "#thirdperson_radio_first",
				"$option_binding_name": "#thirdperson_radio_first",
				"$unchecked_control": "common_toggles.toggle_unchecked",
				"ignored": "(not $include_controls_and_settings_sections)",
				"$checked_control": "common_toggles.toggle_unchecked",
				"$glyph_texture": ".NC/textures/setting/third",
				"$glyph_color_texture": ".NC/textures/setting/third",
				"$glyph_anchor_from": "center",
				"$glyph_anchor_to": "center",
				"anchor_from": "top_middle",
				"anchor_to": "top_middle",
				"$button_text": " ",
				"$glyph_offset": [
				   "0%",
				   0
				],
				"$glyph_size": [
				   18,
				   18
				],
				"size": [
				   20,
				   20
				],
				"bindings": [
				   {
					  "binding_name": "#thirdperson_radio_third_front",
					  "binding_name_override": "#visible"
				   }
				]
			 }
		  },
		  {
			 "first@settings_common.section_toggle_base": {
				"$toggle_name": "#thirdperson_radio_third_back",
				"$option_binding_name": "#thirdperson_radio_third_back",
				"ignored": "(not $include_controls_and_settings_sections)",
				"$unchecked_control": "common_toggles.toggle_unchecked",
				"$checked_control": "common_toggles.toggle_unchecked",
				"$glyph_texture": ".NC/textures/setting/front",
				"$glyph_color_texture": ".NC/textures/setting/front",
				"$glyph_anchor_from": "center",
				"$glyph_anchor_to": "center",
				"anchor_from": "top_middle",
				"anchor_to": "top_middle",
				"$button_text": " ",
				"$glyph_offset": [
				   "0%",
				   0
				],
				"$glyph_size": [
				   18,
				   18
				],
				"size": [
				   20,
				   20
				],
				"bindings": [
				   {
					  "binding_name": "#thirdperson_radio_first",
					  "binding_name_override": "#visible"
				   }
				]
			 }
		  },
		  {
			 "third_back@settings_common.section_toggle_base": {
				"$toggle_name": "#thirdperson_radio_third_front",
				"$option_binding_name": "#thirdperson_radio_third_front",
				"ignored": "(not $include_controls_and_settings_sections)",
				"$unchecked_control": "common_toggles.toggle_unchecked",
				"$checked_control": "common_toggles.toggle_unchecked",
				"$glyph_texture": ".NC/textures/setting/back",
				"$glyph_color_texture": ".NC/textures/setting/back",
				"$glyph_anchor_from": "center",
				"$glyph_anchor_to": "center",
				"anchor_from": "top_middle",
				"anchor_to": "top_middle",
				"$button_text": " ",
				"$glyph_offset": [
				   "0%",
				   0
				],
				"$glyph_size": [
				   18,
				   18
				],
				"size": [
				   20,
				   20
				],
				"bindings": [
				   {
					  "binding_name": "#thirdperson_radio_third_back",
					  "binding_name_override": "#visible"
				   }
				]
			 }
		  }
	   ]
	},
	"close_settings": {
	   "type": "input_panel",
	   "controls": [
		  {
			 "x_image@Nova_client_button.red_button": {
				"layer": 1,
				"offset": [
				   0,
				   0
				],
				"size": [
				   20,
				   20
				],
				"anchor_from": "top_left",
				"anchor_to": "top_left",
				"$button_text": "x",
				"focus_identifier": "close_button",
				"focus_change_left": "FOCUS_OVERRIDE_STOP",
				"focus_change_up": "FOCUS_OVERRIDE_STOP",
				"focus_change_right": "FOCUS_OVERRIDE_STOP"
			 }
		  }
	   ]
	},
	"settings_content": {
	   "type": "panel",
	   "size": [
		  "99%",
		  "97%"
	   ],
	   "controls": [
		  {
			 "background": {
				"type": "panel",
				"keep_ratio": false,
				"size": [
				   "100%",
				   "100%sm"
				],
				"anchor_from": "top_left",
				"anchor_to": "top_left"
			 }
		  },
		  {
			 "stack_panel": {
				"type": "stack_panel",
				"size": [
				   "100%",
				   "100%"
				],
				"controls": [
				   {
					  "content_panel": {
						 "type": "panel",
						 "size": [
							"100%",
							"fill"
						 ],
						 "controls": [
							{
							   "container": {
								  "type": "panel",
								  "size": [
									 "100%",
									 "100% - 4px"
								  ],
								  "controls": [
									 {
										"$dialog_content@$dialog_content": {}
									 }
								  ]
							   }
							}
						 ]
					  }
				   }
				]
			 }
		  },
		  {
			 "popup_dialog_factory": {
				"type": "factory",
				"control_ids": {
				   "purchase_failed": "@realms_create.popup_dialog__purchase_failed",
				   "purchase_in_progress": "@realms_create.popup_dialog__purchase_in_progress",
				   "share_by_link": "@realms_allowlist.popup_dialog__share_by_link",
				   "options_modal": "@realms_allowlist.popup_dialog__options",
				   "backups_modal": "@realms_settings.popup_dialog__backups"
				}
			 }
		  }
	   ]
	},
	"dialog_content": {
	   "type": "panel",
	   "anchor_from": "top_middle",
	   "anchor_to": "top_middle",
	   "controls": [
		  {
			 "selector_area@settings_common.selector_area": {}
		  },
		  {
			 "content_area@settings_common.content_area": {}
		  },
		  {
			 "section_divider@settings_common.section_divider": {}
		  }
	   ]
	},
	"setting_section": {
	   "type": "stack_panel",
	   "orientation": "horizontal",
	   "anchor_from": "left_middle",
	   "anchor_to": "left_middle",
	   "size": [
		  "100%",
		  15
	   ],
	   "offset": [
		  5,
		  0
	   ],
	   "controls": [
		  {
			 "left_padding": {
				"type": "panel",
				"size": [
				   18,
				   "100%"
				]
			 }
		  },
		  {
			 "setting_title_panel": {
				"size": [
				   "default",
				   10
				],
				"text": "#dialog_title",
				"type": "label",
				"font_type": "default",
				"layer": 999,
				"color": [
				   0,
				   0,
				   0
				],
				"bindings": [
				   {
					  "binding_name": "#dialog_title"
				   }
				]
			 }
		  },
		  {
			 "center": {
				"type": "panel",
				"size": [
				   10,
				   "100%"
				],
				"controls": [
				   {
					  "panel": {
						 "size": [
							"default",
							10
						 ],
						 "text": "/",
						 "font_type": "default",
						 "localize": false,
						 "type": "label",
						 "layer": 999,
						 "color": [
							0,
							0,
							0
						 ]
					  }
				   }
				]
			 }
		  },
		  {
			 "setting_description": {
				"size": [
				   "default",
				   10
				],
				"font_type": "default",
				"text": "#section_title",
				"type": "label",
				"layer": 999,
				"color": [
				   0,
				   0,
				   0
				],
				"bindings": [
				   {
					  "binding_name": "#section_title"
				   }
				]
			 }
		  }
	   ]
	},
	"scrolling_quick_setting@common.scrolling_panel": {
	   "type": "input_panel",
	   "prevent_touch_input": true,
	   "$scroll_size": [
		  "5px",
		  "100%"
	   ],
	   "$scroll_bar_left_padding_size": [
		  0,
		  0
	   ],
	   "size": [
		  "98%",
		  "97%"
	   ],
	   "anchor_to": "center",
	   "anchor_from": "center",
	   "$always_handle_scrolling": false,
	   "$scrolling_content": "settings_common.settings_common_content",
	   "$show_background": false
	},
	"settings_common_content": {
	   "type": "stack_panel",
	   "controls": [
		  {
			 "view_angle_settings": {
				"type": "stack_panel",
				"size": [
				   "33.3333333%",
				   30
				],
				"orientation": "horizontal",
				"controls": [
				   {
					  "first@settings_common.section_toggle_base": {
						 "$toggle_name": "#thirdperson_radio_first",
						 "ignored": "(not $include_controls_and_settings_sections)",
						 "$unchecked_control": "common_toggles.toggle_unchecked",
						 "$checked_control": "common_toggles.toggle_unchecked",
						 "$glyph_texture": ".NC/textures/setting/front",
						 "$glyph_color_texture": ".NC/textures/setting/front",
						 "$glyph_anchor_from": "center",
						 "$glyph_anchor_to": "center",
						 "$button_text": " ",
						 "$glyph_offset": [
							"0%",
							0
						 ],
						 "$glyph_size": [
							32,
							32
						 ],
						 "bindings": [
							{
							   "binding_name": "#thirdperson_radio_first"
							}
						 ]
					  }
				   },
				   {
					  "third_back@settings_common.section_toggle_base": {
						 "$toggle_name": "#thirdperson_radio_third_back",
						 "ignored": "(not $include_controls_and_settings_sections)",
						 "$unchecked_control": "common_toggles.toggle_unchecked",
						 "$checked_control": "common_toggles.toggle_unchecked",
						 "$glyph_texture": ".NC/textures/setting/back",
						 "$glyph_color_texture": ".NC/textures/setting/back",
						 "$glyph_anchor_from": "center",
						 "$glyph_anchor_to": "center",
						 "$button_text": " ",
						 "$glyph_offset": [
							"0%",
							0
						 ],
						 "$glyph_size": [
							32,
							32
						 ],
						 "bindings": [
							{
							   "binding_name": "#thirdperson_radio_third_back"
							}
						 ]
					  }
				   },
				   {
					  "third_front@settings_common.section_toggle_base": {
						 "$toggle_name": "#thirdperson_radio_third_front",
						 "$unchecked_control": "common_toggles.toggle_unchecked",
						 "ignored": "(not $include_controls_and_settings_sections)",
						 "$checked_control": "common_toggles.toggle_unchecked",
						 "$glyph_texture": ".NC/textures/setting/third",
						 "$glyph_color_texture": ".NC/textures/setting/third",
						 "$glyph_anchor_from": "center",
						 "$glyph_anchor_to": "center",
						 "$button_text": " ",
						 "$glyph_offset": [
							"0%",
							0
						 ],
						 "$glyph_size": [
							32,
							32
						 ],
						 "bindings": [
							{
							   "binding_name": "#thirdperson_radio_third_front"
							}
						 ]
					  }
				   }
				]
			 }
		  },
		  {
			 "option_toggle_hidehand@settings_common.option_toggle": {
				"ignored": "($is_holographic)",
				"$option_label": "options.hidehand",
				"$option_binding_name": "#hide_hand",
				"$option_enabled_binding_name": "#hide_hand_enabled",
				"$toggle_name": "hide_hand"
			 }
		  },
		  {
			 "option_toggle_hidehud@settings_common.option_toggle": {
				"ignored": "($is_holographic)",
				"$option_label": "options.hidehud",
				"$option_binding_name": "#hide_hud",
				"$option_enabled_binding_name": "#hide_hud_enabled",
				"$toggle_name": "hide_hud"
			 }
		  },
		  {
			 "fov_slider@settings_common.option_slider": {
				"$ignored": "($is_holographic and $is_reality_mode and not $is_pregame)",
				"$option_label": "#field_of_view_slider_label",
				"$slider_tts_text_value": "#field_of_view_text_value",
				"$slider_name": "field_of_view",
				"$slider_value_binding_name": "#field_of_view",
				"$option_enabled_binding_name": "#field_of_view_enabled",
				"$label_bindings": [
				   {
					  "binding_name": "$option_label"
				   }
				]
			 }
		  },
		  {
			 "brightness_slider@settings_common.option_slider": {
				"ignored": "($is_holographic)",
				"$option_label": "#gamma_slider_label",
				"$slider_name": "gamma",
				"$slider_value_binding_name": "#gamma",
				"$slider_tts_text_value": "#gamma_text_value",
				"$option_enabled_binding_name": "#gamma_enabled",
				"$label_bindings": [
				   {
					  "binding_name": "$option_label"
				   }
				]
			 }
		  },
		  {
			 "vr_brightness_slider@settings_common.option_slider": {
				"ignored": "(not $is_holographic)",
				"$option_label": "#vr_gamma_slider_label",
				"$slider_name": "vr_gamma",
				"$slider_value_binding_name": "#vr_gamma",
				"$slider_tts_text_value": "#vr_gamma_text_value",
				"$option_enabled_binding_name": "#vr_gamma_enabled",
				"$label_bindings": [
				   {
					  "binding_name": "$option_label"
				   }
				]
			 }
		  },
		  {
			 "raytracing_render_distance_slider@settings_common.option_slider": {
				"ignored": "($is_holographic)",
				"$option_label": "#raytracing_render_distance_slider_label",
				"$slider_name": "raytracing_render_distance",
				"$slider_value_binding_name": "#raytracing_render_distance",
				"$slider_tts_text_value": "#raytracing_render_distance_text_value",
				"$option_enabled_binding_name": "#raytracing_render_distance_enabled",
				"$slider_steps_binding_name": "#raytracing_render_distance_steps",
				"$label_bindings": [
				   {
					  "binding_name": "$option_label"
				   }
				],
				"controls": [
				   {
					  "rtx_render_distance_warning@general_section.rtx_render_distance_warning": {}
				   },
				   {
					  "option_generic_core@settings_common.option_generic_core": {}
				   }
				],
				"bindings": [
				   {
					  "binding_name": "#show_raytracing_render_distance",
					  "binding_name_override": "#visible"
				   }
				]
			 }
		  },
		  {
			 "render_distance_slider@settings_common.option_slider": {
				"ignored": "($is_holographic)",
				"$option_label": "#render_distance_slider_label",
				"$slider_name": "render_distance",
				"$slider_value_binding_name": "#render_distance",
				"$slider_tts_text_value": "#render_distance_text_value",
				"$option_enabled_binding_name": "#render_distance_enabled",
				"$slider_steps_binding_name": "#render_distance_steps",
				"$label_bindings": [
				   {
					  "binding_name": "$option_label"
				   }
				],
				"controls": [
				   {
					  "render_distance_warning@general_section.render_distance_warning": {}
				   },
				   {
					  "option_generic_core@settings_common.option_generic_core": {}
				   }
				],
				"bindings": [
				   {
					  "binding_name": "#show_render_distance",
					  "binding_name_override": "#visible"
				   }
				]
			 }
		  },
		  {
			 "vr_render_distance_slider@settings_common.option_slider": {
				"ignored": "(not $is_holographic)",
				"$option_label": "#vr_render_distance_slider_label",
				"$slider_name": "vr_render_distance",
				"$slider_value_binding_name": "#vr_render_distance",
				"$slider_tts_text_value": "#vr_render_distance_text_value",
				"$option_enabled_binding_name": "#vr_render_distance_enabled",
				"$slider_steps_binding_name": "#vr_render_distance_steps",
				"$label_bindings": [
				   {
					  "binding_name": "$option_label"
				   }
				]
			 }
		  },
		  {
			 "upscaling_toggle@settings_common.option_toggle": {
				"ignored": "($is_holographic and $win10_edition)",
				"$option_label": "options.upscaling",
				"$option_binding_name": "#graphics_upscaling",
				"$option_enabled_binding_name": "#graphics_upscaling_enabled",
				"$toggle_name": "graphics_upscaling",
				"controls": [
				   {
					  "rtx_disabled_option_upsell@general_section.rtx_disabled_option_upsell": {
						 "$rtx_disabled_option_upsell_visible": "#rtx_upscale_disabled_option_upsell_visible",
						 "$rtx_disabled_option_is_hovered_button_event": "button.rtx_upscale_disabled_option_is_hovered",
						 "$rtx_disabled_option_upsell_tooltip_visible": "#rtx_upscale_disabled_option_upsell_tooltip_visible"
					  }
				   },
				   {
					  "option_generic_core@settings_common.option_generic_core": {}
				   }
				],
				"bindings": [
				   {
					  "binding_name": "#graphics_upscaling_enabled",
					  "binding_name_override": "#visible"
				   }
				]
			 }
		  },
		  {
			 "raytracing_toggle@settings_common.option_toggle": {
				"ignored": "($is_holographic)",
				"$option_label": "options.raytracing",
				"$option_binding_name": "#raytracing",
				"$option_enabled_binding_name": "#raytracing_enabled",
				"$toggle_name": "raytracing",
				"controls": [
				   {
					  "rtx_disabled_option_upsell@general_section.rtx_disabled_option_upsell": {}
				   },
				   {
					  "option_generic_core@settings_common.option_generic_core": {}
				   }
				],
				"bindings": [
				   {
					  "binding_name": "#raytracing_enabled",
					  "binding_name_override": "#visible"
				   }
				]
			 }
		  },
		  {
			 "view_bobbing_toggle@settings_common.option_toggle": {
				"ignored": "($is_holographic and $is_reality_mode and not $is_pregame)",
				"$option_label": "options.viewBobbing",
				"$option_binding_name": "#view_bobbing",
				"$option_enabled_binding_name": "#view_bobbing_enabled",
				"$toggle_name": "view_bobbing"
			 }
		  },
		  {
			 "field_of_view_toggle@settings_common.option_toggle": {
				"$option_label": "options.fov.toggle",
				"$option_binding_name": "#field_of_view_toggle",
				"$option_enabled_binding_name": "#field_of_view_toggle_enabled",
				"$toggle_name": "field_of_view_toggle"
			 }
		  }
	   ]
	},
	"settings_common_background_panels": {
	   "type": "panel",
	   "controls": [
		  {
			 "render_distance_warning_text": {
				"type": "panel",
				"size": [
				   "60%",
				   "100%cm + 16px"
				],
				"anchor_from": "bottom_left",
				"anchor_to": "bottom_left",
				"controls": [
				   {
					  "render_distance_popup@common.static_tooltip_popup_with_image_and_text": {
						 "size": [
							"100% - 4px",
							"100%cm + 8px"
						 ],
						 "anchor_from": "top_middle",
						 "anchor_to": "top_middle",
						 "$tooltip_panel_offset": [
							0,
							6
						 ],
						 "$tooltip_popup_image": "textures/ui/WarningGlyph",
						 "$tooltip_button_binding_type": "global",
						 "$tooltip_button_collection_name": "",
						 "$tooltip_popup_visible_binding": "#render_distance_warning_visible",
						 "$tooltip_text_binding_name": "#render_distance_performance_tooltip_text",
						 "$tooltip_chevron_anchor": "top_right",
						 "$tooltip_popup_chevron_offset": [
							"-30%x",
							"-10px"
						 ],
						 "$tooltip_popup_chevron_texture": ""
					  }
				   }
				],
				"bindings": [
				   {
					  "binding_name": "#render_distance_warning_visible",
					  "binding_name_override": "#visible"
				   }
				]
			 }
		  }
	   ]
	}
 }