{
   "namespace": "Nova_Client_pause_screen",
   "main_buttons_and_title": {
      "type": "panel",
      "anchor_from": "center",
      "anchor_to": "center",
      "size": [
         "100%",
         "100%"
      ],
      "layer": 0,
      "bindings": [
         {
            "binding_type": "view",
            "source_control_name": "hide_pause",
            "source_property_name": "(not #toggle_state)",
            "target_property_name": "#visible"
         }
      ],
      "controls": [
         {
            "title": {
               "type": "image",
               "texture": "textures/ui/title",
               "layer": 1,
               "offset": [
                  0,
                  -150
               ],
               "size": [
                  270,
                  100
               ]
            }
         },
         {
            "resume_button@Nova_client_button.green_button": {
               "size": [
                  250,
                  35
               ],
               "offset": [
                  0,
                  -35
               ],
               "$pressed_button_name": "button.menu_continue",
               "$button_text": "menu.returnToGame"
            }
         },
         {
            "settings_button@Nova_client_button.ore_ui_button": {
               "size": [
                  250,
                  25
               ],
               "offset": [
                  0,
                  0
               ],
               "$pressed_button_name": "button.menu_settings",
               "$button_text": "menu.settings"
            }
         },
         {
            "skins_button@Nova_client_button.ore_ui_button": {
               "size": [
                  250,
                  25
               ],
               "offset": [
                  0,
                  30
               ],
               "$pressed_button_name": "button.to_profile_screen",
               "$button_text": "Skins"
            }
         },
         {
            "open_sidebar@Nova_client_toggles.Nova_client_toggle": {
               "size": [
                  250,
                  25
               ],
               "offset": [
                  0,
                  60
               ],
               "$toggle_view_binding_name": "toggle_sidebar",
               "$button_text": "More"
            }
         },
         {
            "open_mods@Nova_client_pink_toggles.Nova_client_toggle": {
               "size": [
                  112.5,
                  25
               ],
               "offset": [
                  -68,
                  90
               ],
               "$toggle_view_binding_name": "hide_pause",
               "$button_text": "Mods"
            }
         },
         {
            "quit_button@Nova_client_button.red_button": {
               "size": [
                  112.5,
                  25
               ],
               "offset": [
                  68,
                  90
               ],
               "$pressed_button_name": "button.menu_quit",
               "$button_text": "menu.quit"
            }
         }
      ]
   },
   "sidebar": {
      "type": "image",
      "texture": ".NC/textures/background/simple_bg",
      "size": [
         150,
         "100%"
      ],
      "anchor_from": "top_right",
      "anchor_to": "top_right",
      "bindings": [
         {
            "binding_type": "view",
            "source_control_name": "hide_pause",
            "source_property_name": "(not #toggle_state)",
            "target_property_name": "#visible"
         },
         {
            "binding_type": "view",
            "source_control_name": "toggle_sidebar",
            "source_property_name": "#toggle_state",
            "target_property_name": "#visible"
         }
      ],
      "controls": [
         {
            "store_button@Nova_client_button.ore_ui_button": {
               "size": [
                  110,
                  20
               ],
               "offset": [
                  0,
                  -50
               ],
               "$pressed_button_name": "button.menu_store",
               "$button_text": "menu.store"
            }
         },
         {
            "achievements_button@Nova_client_button.ore_ui_button": {
               "size": [
                  110,
                  20
               ],
               "offset": [
                  0,
                  -25
               ],
               "$pressed_button_name": "button.menu_achievements",
               "$button_text": "menu.achievements"
            }
         },
         {
            "screenshot_button@Nova_client_button.ore_ui_button": {
               "size": [
                  110,
                  20
               ],
               "offset": [
                  0,
                  0
               ],
               "$pressed_button_name": "button.screenshot",
               "$button_text": "key.screenshot"
            }
         },
         {
            "feedback_button@Nova_client_button.ore_ui_button": {
               "size": [
                  110,
                  20
               ],
               "offset": [
                  0,
                  25
               ],
               "$pressed_button_name": "button.menu_open_uri",
               "$button_text": "Feedback",
               "property_bag": {
                  "#hyperlink": "https://aka.ms/minecraftfb"
               },
               "bindings": [
                  {
                    "binding_type": "collection_details",
                    "binding_collection_name": "players_collection"
                  }
               ]
            }
         },
         {
            "account_button@Nova_client_button.ore_ui_button": {
               "size": [
                  110,
                  20
               ],
               "offset": [
                  0,
                  50
               ],
               "$pressed_button_name": "button.menu_open_uri",
               "$button_text": "options.manageAccount",
               "property_bag": {
                  "#hyperlink": "https://account.xbox.com/Settings"
               },
               "bindings": [
                  {
                     "binding_name": "(not #sign_in_visible)",
                     "binding_name_override": "#visible"
                  }
               ]
            }
         }
      ]
   },
   "content": {
      "type": "panel",
      "controls": [
         {
            "main_buttons_and_title@Nova_Client_pause_screen.main_buttons_and_title": {}
         },
         {
            "sidebar@Nova_Client_pause_screen.sidebar": {}
         }
      ]
   },
   "full_screen": {
      "type": "panel",
      "controls": []
   }
}